Row,Column,Well,Plate,RandN,Rep,A630,A663,A750
A,7,A7,2B,M4_58,A,0.057,0.09,0.047
B,7,B7,2B,M4_58,B,0.058,0.101,0.044
C,7,C7,2B,M4_58,C,0.057,0.101,0.042
A,1,A1,W1_1,W1_1,A,0.056,0.119,0.037
B,1,B1,W1_1,W1_2,A,0.067,0.148,0.039
C,1,C1,W1_1,W1_3,A,0.043,0.066,0.039
D,1,D1,W1_1,W1_4,A,0.042,0.063,0.038
E,1,E1,W1_1,W1_5,A,0.04,0.053,0.04
F,1,F1,W1_1,W1_6,A,0.04,0.054,0.039
G,1,G1,W1_1,W1_7,A,0.041,0.06,0.037
H,1,H1,W1_1,W1_8,A,0.082,0.195,0.041
A,2,A2,W1_1,W1_9,A,0.049,0.072,0.043
B,2,B2,W1_1,W1_10,A,0.051,0.077,0.045
C,2,C2,W1_1,W1_11,A,0.053,0.088,0.042
D,2,D2,W1_1,W1_12,A,0.048,0.073,0.042
E,2,E2,W1_1,W1_13,A,0.043,0.055,0.041
F,2,F2,W1_1,W1_14,A,0.045,0.056,0.042
G,2,G2,W1_1,W1_15,A,0.042,0.05,0.041
H,2,H2,W1_1,W1_16,A,0.054,0.06,0.051
A,3,A3,W1_1,W1_17,A,0.044,0.051,0.044
B,3,B3,W1_1,W1_18,A,0.042,0.051,0.043
C,3,C3,W1_1,W1_19,A,0.051,0.087,0.043
D,3,D3,W1_1,W1_20,A,0.051,0.085,0.045
E,3,E3,W1_1,W1_21,A,0.045,0.058,0.044
F,3,F3,W1_1,W1_22,A,0.078,0.077,0.055
G,3,G3,W1_1,W1_23,A,0.044,0.051,0.045
H,3,H3,W1_1,W1_24,A,0.055,0.076,0.048
A,4,A4,W1_1,W1_25,A,0.046,0.063,0.042
B,4,B4,W1_1,W1_26,A,0.058,0.111,0.041
C,4,C4,W1_1,W1_27,A,0.059,0.116,0.041
D,4,D4,W1_1,W1_28,A,0.052,0.08,0.044
E,4,E4,W1_1,W1_29,A,0.059,0.12,0.041
F,4,F4,W1_1,W1_30,A,0.044,0.055,0.044
G,4,G4,W1_1,W1_31,A,0.051,0.085,0.041
H,4,H4,W1_1,W1_32,A,0.052,0.072,0.049
A,5,A5,W1_1,W1_33,A,0.046,0.066,0.043
B,5,B5,W1_1,W1_34,A,0.053,0.085,0.044
C,5,C5,W1_1,W1_35,A,0.041,0.046,0.042
D,5,D5,W1_1,W1_36,A,0.058,0.108,0.043
E,5,E5,W1_1,W1_37,A,0.041,0.051,0.04
F,5,F5,W1_1,W1_38,A,0.066,0.151,0.04
G,5,G5,W1_1,W1_39,A,0.043,0.053,0.042
H,5,H5,W1_1,W1_40,A,0.062,0.088,0.056
A,6,A6,W1_1,W1_41,A,0.045,0.058,0.043
B,6,B6,W1_1,W1_42,A,0.041,0.048,0.041
C,6,C6,W1_1,W1_43,A,0.044,0.056,0.042
D,6,D6,W1_1,W1_44,A,0.058,0.11,0.042
E,6,E6,W1_1,W1_45,A,0.051,0.085,0.042
F,6,F6,W1_1,W1_46,A,0.055,0.101,0.043
G,6,G6,W1_1,W1_47,A,0.044,0.057,0.043
H,6,H6,W1_1,W1_48,A,0.045,0.053,0.046
A,7,A7,W1_1,W1_49,A,0.044,0.049,0.043
B,7,B7,W1_1,W1_50,A,0.044,0.055,0.043
C,7,C7,W1_1,W1_51,A,0.058,0.117,0.04
D,7,D7,W1_1,W1_52,A,0.043,0.057,0.042
E,7,E7,W1_1,W1_53,A,0.042,0.061,0.038
F,7,F7,W1_1,W1_54,A,0.041,0.051,0.04
G,7,G7,W1_1,W1_55,A,0.048,0.076,0.041
H,7,H7,W1_1,W1_56,A,0.043,0.047,0.043
A,8,A8,W1_1,W1_57,A,0.041,0.046,0.042
B,8,B8,W1_1,W1_58,A,0.083,0.21,0.041
C,8,C8,W1_1,W1_59,A,0.086,0.212,0.041
D,8,D8,W1_1,W1_60,A,0.038,0.044,0.04
E,8,E8,W1_1,W1_61,A,0.039,0.044,0.039
F,8,F8,W1_1,W1_62,A,0.043,0.062,0.04
G,8,G8,W1_1,W1_63,A,0.052,0.09,0.039
H,8,H8,W1_1,W1_64,A,0.058,0.107,0.042
A,9,A9,W1_1,W1_65,A,0.05,0.083,0.041
B,9,B9,W1_1,W1_66,A,0.039,0.046,0.04
C,9,C9,W1_1,W1_67,A,0.053,0.095,0.04
D,9,D9,W1_1,W1_68,A,0.042,0.055,0.04
E,9,E9,W1_1,W1_69,A,0.044,0.06,0.039
F,9,F9,W1_1,W1_70,A,0.064,0.137,0.038
G,9,G9,W1_1,W1_71,A,0.051,0.088,0.04
H,9,H9,W1_1,W1_72,A,0.052,0.089,0.042
A,10,A10,W1_1,W1_73,A,0.085,0.216,0.042
B,10,B10,W1_1,W1_74,A,0.045,0.06,0.042
C,10,C10,W1_1,W1_75,A,0.065,0.147,0.04
D,10,D10,W1_1,W1_76,A,0.046,0.07,0.04
E,10,E10,W1_1,W1_77,A,0.057,0.113,0.038
F,10,F10,W1_1,W1_78,A,0.061,0.12,0.043
G,10,G10,W1_1,W1_79,A,0.067,0.147,0.042
H,10,H10,W1_1,W1_80,A,0.077,0.179,0.043
A,11,A11,W1_1,W1_81,A,0.088,0.22,0.043
B,11,B11,W1_1,W1_82,A,0.046,0.064,0.042
C,11,C11,W1_1,W1_83,A,0.079,0.196,0.042
D,11,D11,W1_1,W1_84,A,0.048,0.076,0.04
E,11,E11,W1_1,W1_85,A,0.052,0.087,0.042
F,11,F11,W1_1,W1_86,A,0.038,0.044,0.038
G,11,G11,W1_1,W1_87,A,0.055,0.1,0.041
H,11,H11,W1_1,W1_88,A,0.057,0.104,0.044
A,12,A12,W1_1,W1_89,A,0.069,0.154,0.044
B,12,B12,W1_1,W1_90,A,0.044,0.063,0.04
C,12,C12,W1_1,W1_91,A,0.056,0.108,0.039
D,12,D12,W1_1,W1_92,A,0.049,0.078,0.041
E,12,E12,W1_1,W1_93,A,0.043,0.061,0.039
F,12,F12,W1_1,W1_94,A,0.054,0.107,0.04
G,12,G12,W1_1,W1_95,A,0.038,0.044,0.039
H,12,H12,W1_1,W1_96,A,0.06,0.081,0.056
A,1,A1,W1_2,W1_1,B,0.066,0.129,0.045
B,1,B1,W1_2,W1_2,B,0.068,0.152,0.039
C,1,C1,W1_2,W1_3,B,0.047,0.071,0.043
D,1,D1,W1_2,W1_4,B,0.044,0.066,0.037
E,1,E1,W1_2,W1_5,B,0.049,0.066,0.049
F,1,F1,W1_2,W1_6,B,0.04,0.056,0.036
G,1,G1,W1_2,W1_7,B,0.044,0.068,0.039
H,1,H1,W1_2,W1_8,B,0.091,0.221,0.043
A,2,A2,W1_2,W1_9,B,0.05,0.073,0.043
B,2,B2,W1_2,W1_10,B,0.05,0.077,0.043
C,2,C2,W1_2,W1_11,B,0.054,0.09,0.042
D,2,D2,W1_2,W1_12,B,0.049,0.073,0.043
E,2,E2,W1_2,W1_13,B,0.047,0.06,0.044
F,2,F2,W1_2,W1_14,B,0.047,0.06,0.044
G,2,G2,W1_2,W1_15,B,0.04,0.05,0.039
H,2,H2,W1_2,W1_16,B,0.044,0.053,0.043
A,3,A3,W1_2,W1_17,B,0.048,0.055,0.047
B,3,B3,W1_2,W1_18,B,0.043,0.051,0.043
C,3,C3,W1_2,W1_19,B,0.05,0.086,0.04
D,3,D3,W1_2,W1_20,B,0.051,0.084,0.042
E,3,E3,W1_2,W1_21,B,0.045,0.058,0.043
F,3,F3,W1_2,W1_22,B,0.045,0.057,0.042
G,3,G3,W1_2,W1_23,B,0.041,0.05,0.041
H,3,H3,W1_2,W1_24,B,0.052,0.079,0.044
A,4,A4,W1_2,W1_25,B,0.047,0.066,0.044
B,4,B4,W1_2,W1_26,B,0.06,0.117,0.041
C,4,C4,W1_2,W1_28,B,0.054,0.08,0.045
D,4,D4,W1_2,W1_27,B,0.064,0.121,0.046
E,4,E4,W1_2,W1_29,B,0.067,0.132,0.046
F,4,F4,W1_2,W1_30,B,0.043,0.056,0.042
G,4,G4,W1_2,W1_31,B,0.052,0.091,0.04
H,4,H4,W1_2,W1_32,B,0.052,0.074,0.047
A,5,A5,W1_2,W1_33,B,0.05,0.07,0.046
B,5,B5,W1_2,W1_34,B,0.054,0.088,0.046
C,5,C5,W1_2,W1_35,B,0.04,0.045,0.041
D,5,D5,W1_2,W1_36,B,0.064,0.112,0.045
E,5,E5,W1_2,W1_37,B,0.041,0.052,0.04
F,5,F5,W1_2,W1_38,B,0.071,0.166,0.042
G,5,G5,W1_2,W1_39,B,0.042,0.054,0.04
H,5,H5,W1_2,W1_40,B,0.052,0.084,0.044
A,6,A6,W1_2,W1_41,B,0.046,0.059,0.043
B,6,B6,W1_2,W1_42,B,0.043,0.049,0.042
C,6,C6,W1_2,W1_43,B,0.044,0.056,0.042
D,6,D6,W1_2,W1_44,B,0.059,0.114,0.042
E,6,E6,W1_2,W1_45,B,0.053,0.091,0.041
F,6,F6,W1_2,W1_46,B,0.06,0.111,0.043
G,6,G6,W1_2,W1_47,B,0.045,0.061,0.042
H,6,H6,W1_2,W1_48,B,0.045,0.053,0.045
A,7,A7,W1_2,W1_49,B,0.044,0.05,0.045
B,7,B7,W1_2,W1_50,B,0.049,0.062,0.051
C,7,C7,W1_2,W1_51,B,0.061,0.118,0.043
D,7,D7,W1_2,W1_52,B,0.045,0.058,0.043
E,7,E7,W1_2,W1_53,B,0.046,0.064,0.042
F,7,F7,W1_2,W1_54,B,0.044,0.054,0.042
G,7,G7,W1_2,W1_55,B,0.05,0.078,0.041
H,7,H7,W1_2,W1_56,B,0.044,0.048,0.043
A,8,A8,W1_2,W1_57,B,0.042,0.047,0.043
B,8,B8,W1_2,W1_58,B,0.084,0.207,0.043
C,8,C8,W1_2,W1_59,B,0.088,0.214,0.042
D,8,D8,W1_2,W1_60,B,0.041,0.045,0.041
E,8,E8,W1_2,W1_61,B,0.041,0.046,0.042
F,8,F8,W1_2,W1_62,B,0.047,0.065,0.042
G,8,G8,W1_2,W1_63,B,0.054,0.092,0.041
H,8,H8,W1_2,W1_64,B,0.058,0.107,0.043
A,9,A9,W1_2,W1_65,B,0.052,0.085,0.043
B,9,B9,W1_2,W1_66,B,0.04,0.046,0.04
C,9,C9,W1_2,W1_67,B,0.057,0.098,0.043
D,9,D9,W1_2,W1_68,B,0.045,0.056,0.041
E,9,E9,W1_2,W1_69,B,0.045,0.062,0.039
F,9,F9,W1_2,W1_70,B,0.065,0.137,0.039
G,9,G9,W1_2,W1_71,B,0.052,0.09,0.041
H,9,H9,W1_2,W1_72,B,0.053,0.09,0.043
A,10,A10,W1_2,W1_73,B,0.089,0.225,0.044
B,10,B10,W1_2,W1_74,B,0.047,0.062,0.042
C,10,C10,W1_2,W1_75,B,0.066,0.149,0.04
D,10,D10,W1_2,W1_76,B,0.047,0.071,0.04
E,10,E10,W1_2,W1_77,B,0.062,0.127,0.039
F,10,F10,W1_2,W1_78,B,0.059,0.118,0.041
G,10,G10,W1_2,W1_79,B,0.068,0.147,0.043
H,10,H10,W1_2,W1_80,B,0.077,0.177,0.042
A,11,A11,W1_2,W1_81,B,0.088,0.219,0.043
B,11,B11,W1_2,W1_82,B,0.045,0.064,0.041
C,11,C11,W1_2,W1_83,B,0.079,0.193,0.043
D,11,D11,W1_2,W1_84,B,0.05,0.078,0.043
E,11,E11,W1_2,W1_85,B,0.05,0.084,0.04
F,11,F11,W1_2,W1_86,B,0.043,0.048,0.042
G,11,G11,W1_2,W1_87,B,0.057,0.102,0.043
H,11,H11,W1_2,W1_88,B,0.061,0.107,0.047
A,12,A12,W1_2,W1_89,B,0.069,0.154,0.044
B,12,B12,W1_2,W1_90,B,0.049,0.067,0.044
C,12,C12,W1_2,W1_91,B,0.057,0.107,0.041
D,12,D12,W1_2,W1_92,B,0.049,0.079,0.041
E,12,E12,W1_2,W1_93,B,0.045,0.061,0.041
F,12,F12,W1_2,W1_94,B,0.061,0.108,0.04
G,12,G12,W1_2,W1_95,B,0.04,0.044,0.04
H,12,H12,W1_2,W1_96,B,0.053,0.072,0.048
A,1,A1,W1_3,W1_1,C,0.06,0.125,0.04
B,1,B1,W1_3,W1_2,C,0.068,0.153,0.039
C,1,C1,W1_3,W1_3,C,0.043,0.066,0.039
D,1,D1,W1_3,W1_4,C,0.043,0.066,0.039
E,1,E1,W1_3,W1_5,C,0.04,0.055,0.039
F,1,F1,W1_3,W1_6,C,0.04,0.057,0.038
G,1,G1,W1_3,W1_7,C,0.044,0.065,0.038
H,1,H1,W1_3,W1_8,C,0.086,0.212,0.04
A,2,A2,W1_3,W1_9,C,0.068,0.098,0.066
B,2,B2,W1_3,W1_10,C,0.052,0.084,0.055
C,2,C2,W1_3,W1_11,C,0.055,0.092,0.043
D,2,D2,W1_3,W1_12,C,0.049,0.073,0.042
E,2,E2,W1_3,W1_13,C,0.042,0.056,0.042
F,2,F2,W1_3,W1_14,C,0.042,0.056,0.039
G,2,G2,W1_3,W1_15,C,0.042,0.053,0.041
H,2,H2,W1_3,W1_16,C,0.045,0.055,0.045
A,3,A3,W1_3,W1_17,C,0.043,0.051,0.043
B,3,B3,W1_3,W1_18,C,0.045,0.053,0.044
C,3,C3,W1_3,W1_19,C,0.051,0.087,0.042
D,3,D3,W1_3,W1_20,C,0.054,0.087,0.044
E,3,E3,W1_3,W1_21,C,0.042,0.054,0.04
F,3,F3,W1_3,W1_22,C,0.046,0.059,0.045
G,3,G3,W1_3,W1_23,C,0.042,0.05,0.043
H,3,H3,W1_3,W1_24,C,0.066,0.095,0.065
A,4,A4,W1_3,W1_25,C,0.05,0.069,0.049
B,4,B4,W1_3,W1_26,C,0.06,0.114,0.042
C,4,C4,W1_3,W1_27,C,0.052,0.08,0.043
D,4,D4,W1_3,W1_28,C,0.064,0.121,0.045
E,4,E4,W1_3,W1_29,C,0.064,0.132,0.042
F,4,F4,W1_3,W1_30,C,0.044,0.056,0.042
G,4,G4,W1_3,W1_31,C,0.053,0.093,0.04
H,4,H4,W1_3,W1_32,C,0.048,0.071,0.042
A,5,A5,W1_3,W1_33,C,0.048,0.067,0.044
B,5,B5,W1_3,W1_34,C,0.055,0.089,0.047
C,5,C5,W1_3,W1_35,C,0.041,0.046,0.042
D,5,D5,W1_3,W1_36,C,0.062,0.116,0.044
E,5,E5,W1_3,W1_37,C,0.047,0.059,0.046
F,5,F5,W1_3,W1_38,C,0.071,0.165,0.04
G,5,G5,W1_3,W1_39,C,0.045,0.058,0.043
H,5,H5,W1_3,W1_40,C,0.05,0.08,0.041
A,6,A6,W1_3,W1_41,C,0.047,0.06,0.044
B,6,B6,W1_3,W1_42,C,0.042,0.049,0.042
C,6,C6,W1_3,W1_43,C,0.044,0.056,0.041
D,6,D6,W1_3,W1_44,C,0.059,0.114,0.041
E,6,E6,W1_3,W1_45,C,0.053,0.091,0.04
F,6,F6,W1_3,W1_46,C,0.057,0.108,0.039
G,6,G6,W1_3,W1_47,C,0.046,0.061,0.043
H,6,H6,W1_3,W1_48,C,0.044,0.052,0.043
A,7,A7,W1_3,W1_49,C,0.05,0.054,0.047
B,7,B7,W1_3,W1_50,C,0.045,0.056,0.043
C,7,C7,W1_3,W1_51,C,0.06,0.119,0.041
D,7,D7,W1_3,W1_52,C,0.044,0.058,0.042
E,7,E7,W1_3,W1_53,C,0.047,0.065,0.043
F,7,F7,W1_3,W1_54,C,0.041,0.051,0.04
G,7,G7,W1_3,W1_55,C,0.049,0.078,0.04
H,7,H7,W1_3,W1_56,C,0.042,0.046,0.042
A,8,A8,W1_3,W1_57,C,0.043,0.049,0.044
B,8,B8,W1_3,W1_58,C,0.083,0.203,0.043
C,8,C8,W1_3,W1_59,C,0.089,0.216,0.043
D,8,D8,W1_3,W1_60,C,0.041,0.045,0.042
E,8,E8,W1_3,W1_61,C,0.046,0.05,0.046
F,8,F8,W1_3,W1_62,C,0.046,0.063,0.041
G,8,G8,W1_3,W1_63,C,0.053,0.091,0.038
H,8,H8,W1_3,W1_64,C,0.057,0.106,0.042
A,9,A9,W1_3,W1_65,C,0.051,0.084,0.041
B,9,B9,W1_3,W1_66,C,0.04,0.046,0.04
C,9,C9,W1_3,W1_67,C,0.055,0.096,0.042
D,9,D9,W1_3,W1_68,C,0.046,0.057,0.042
E,9,E9,W1_3,W1_69,C,0.045,0.061,0.039
F,9,F9,W1_3,W1_70,C,0.067,0.138,0.04
G,9,G9,W1_3,W1_71,C,0.051,0.089,0.038
H,9,H9,W1_3,W1_72,C,0.052,0.09,0.042
A,10,A10,W1_3,W1_73,C,0.089,0.227,0.043
B,10,B10,W1_3,W1_74,C,0.048,0.064,0.045
C,10,C10,W1_3,W1_75,C,0.066,0.145,0.042
D,10,D10,W1_3,W1_76,C,0.05,0.074,0.043
E,10,E10,W1_3,W1_77,C,0.058,0.112,0.041
F,10,F10,W1_3,W1_78,C,0.064,0.126,0.047
G,10,G10,W1_3,W1_79,C,0.066,0.146,0.039
H,10,H10,W1_3,W1_80,C,0.077,0.178,0.042
A,11,A11,W1_3,W1_81,C,0.087,0.217,0.042
B,11,B11,W1_3,W1_82,C,0.046,0.064,0.041
C,11,C11,W1_3,W1_83,C,0.079,0.19,0.042
D,11,D11,W1_3,W1_84,C,0.049,0.076,0.041
E,11,E11,W1_3,W1_85,C,0.055,0.088,0.046
F,11,F11,W1_3,W1_86,C,0.042,0.047,0.042
G,11,G11,W1_3,W1_87,C,0.056,0.103,0.042
H,11,H11,W1_3,W1_88,C,0.058,0.108,0.047
A,12,A12,W1_3,W1_89,C,0.07,0.156,0.044
B,12,B12,W1_3,W1_90,C,0.048,0.065,0.042
C,12,C12,W1_3,W1_91,C,0.058,0.109,0.041
D,12,D12,W1_3,W1_92,C,0.051,0.079,0.042
E,12,E12,W1_3,W1_93,C,0.047,0.063,0.043
F,12,F12,W1_3,W1_94,C,0.056,0.106,0.042
G,12,G12,W1_3,W1_95,C,0.04,0.045,0.04
H,12,H12,W1_3,W1_96,C,0.148,0.176,0.139
H,12,H12,W2_1,W2_96,A,0.041,0.058,0.039
G,12,G12,W2_1,W2_95,A,0.062,0.124,0.045
F,12,F12,W2_1,W2_94,A,0.045,0.073,0.038
E,12,E12,W2_1,W2_93,A,0.053,0.104,0.04
D,12,D12,W2_1,W2_92,A,0.059,0.124,0.039
C,12,C12,W2_1,W2_91,A,0.042,0.064,0.036
B,12,B12,W2_1,W2_90,A,0.055,0.097,0.039
A,12,A12,W2_1,W2_89,A,0.042,0.052,0.041
H,11,H11,W2_1,W2_88,A,0.057,0.095,0.044
G,11,G11,W2_1,W2_87,A,0.062,0.116,0.041
F,11,F11,W2_1,W2_86,A,0.061,0.092,0.05
E,11,E11,W2_1,W2_85,A,0.047,0.062,0.044
D,11,D11,W2_1,W2_84,A,0.048,0.06,0.053
C,11,C11,W2_1,W2_83,A,0.045,0.054,0.044
B,11,B11,W2_1,W2_82,A,0.054,0.08,0.045
A,11,A11,W2_1,W2_81,A,0.059,0.096,0.045
H,10,H10,W2_1,W2_80,A,0.064,0.131,0.045
G,10,G10,W2_1,W2_79,A,0.046,0.062,0.044
F,10,F10,W2_1,W2_78,A,0.06,0.11,0.046
E,10,E10,W2_1,W2_77,A,0.055,0.101,0.04
D,10,D10,W2_1,W2_76,A,0.044,0.056,0.041
C,10,C10,W2_1,W2_75,A,0.052,0.087,0.041
B,10,B10,W2_1,W2_74,A,0.045,0.048,0.044
A,10,A10,W2_1,W2_73,A,0.057,0.089,0.046
H,9,H9,W2_1,W2_72,A,0.05,0.072,0.047
G,9,G9,W2_1,W2_71,A,0.047,0.047,0.053
F,9,F9,W2_1,W2_70,A,0.045,0.053,0.044
E,9,E9,W2_1,W2_69,A,0.043,0.043,0.048
D,9,D9,W2_1,W2_68,A,0.043,0.054,0.041
C,9,C9,W2_1,W2_67,A,0.044,0.052,0.043
B,9,B9,W2_1,W2_66,A,0.05,0.073,0.043
A,9,A9,W2_1,W2_65,A,0.036,0.036,0.04
H,8,H8,W2_1,W2_64,A,0.054,0.093,0.042
G,8,G8,W2_1,W2_63,A,0.047,0.061,0.044
F,8,F8,W2_1,W2_62,A,0.042,0.047,0.042
E,8,E8,W2_1,W2_61,A,0.048,0.069,0.044
D,8,D8,W2_1,W2_60,A,0.053,0.085,0.043
C,8,C8,W2_1,W2_59,A,0.049,0.068,0.043
B,8,B8,W2_1,W2_58,A,0.067,0.132,0.045
A,8,A8,W2_1,W2_57,A,0.052,0.058,0.051
H,7,H7,W2_1,W2_56,A,0.05,0.075,0.043
G,7,G7,W2_1,W2_55,A,0.051,0.074,0.045
F,7,F7,W2_1,W2_54,A,0.048,0.061,0.045
E,7,E7,W2_1,W2_53,A,0.041,0.044,0.042
D,7,D7,W2_1,W2_52,A,0.064,0.12,0.041
C,7,C7,W2_1,W2_51,A,0.046,0.06,0.042
B,7,B7,W2_1,W2_50,A,0.045,0.051,0.046
A,7,A7,W2_1,W2_49,A,0.058,0.089,0.048
H,6,H6,W2_1,W2_48,A,0.048,0.067,0.044
G,6,G6,W2_1,W2_47,A,0.045,0.053,0.044
F,6,F6,W2_1,W2_46,A,0.055,0.094,0.045
E,6,E6,W2_1,W2_45,A,0.061,0.113,0.043
D,6,D6,W2_1,W2_44,A,0.044,0.051,0.043
C,6,C6,W2_1,W2_43,A,0.137,0.156,0.122
B,6,B6,W2_1,W2_42,A,0.051,0.071,0.047
A,6,A6,W2_1,W2_41,A,0.056,0.09,0.047
H,5,H5,W2_1,W2_40,A,0.063,0.125,0.045
G,5,G5,W2_1,W2_39,A,0.071,0.148,0.046
F,5,F5,W2_1,W2_38,A,0.052,0.076,0.047
E,5,E5,W2_1,W2_37,A,0.051,0.082,0.042
D,5,D5,W2_1,W2_36,A,0.044,0.056,0.042
C,5,C5,W2_1,W2_35,A,0.093,0.24,0.043
B,5,B5,W2_1,W2_34,A,0.078,0.179,0.045
A,5,A5,W2_1,W2_33,A,0.191,0.295,0.142
H,4,H4,W2_1,W2_32,A,0.05,0.068,0.046
G,4,G4,W2_1,W2_31,A,0.089,0.217,0.047
F,4,F4,W2_1,W2_30,A,0.051,0.078,0.047
E,4,E4,W2_1,W2_29,A,0.071,0.164,0.043
D,4,D4,W2_1,W2_28,A,0.066,0.139,0.044
C,4,C4,W2_1,W2_27,A,0.051,0.089,0.041
B,4,B4,W2_1,W2_26,A,0.08,0.187,0.045
A,4,A4,W2_1,W2_25,A,0.076,0.169,0.047
H,3,H3,W2_1,W2_24,A,0.065,0.113,0.045
G,3,G3,W2_1,W2_23,A,0.049,0.064,0.047
F,3,F3,W2_1,W2_22,A,0.048,0.067,0.043
E,3,E3,W2_1,W2_21,A,0.045,0.055,0.043
D,3,D3,W2_1,W2_20,A,0.048,0.068,0.041
C,3,C3,W2_1,W2_19,A,0.051,0.084,0.04
B,3,B3,W2_1,W2_18,A,0.051,0.079,0.043
A,3,A3,W2_1,W2_17,A,0.066,0.119,0.045
H,2,H2,W2_1,W2_16,A,0.067,0.136,0.044
G,2,G2,W2_1,W2_15,A,0.061,0.109,0.044
F,2,F2,W2_1,W2_14,A,0.049,0.065,0.045
E,2,E2,W2_1,W2_13,A,0.043,0.052,0.042
D,2,D2,W2_1,W2_12,A,0.057,0.11,0.042
C,2,C2,W2_1,W2_11,A,0.044,0.063,0.04
B,2,B2,W2_1,W2_10,A,0.054,0.1,0.042
H,1,H1,W2_1,W2_8,A,0.061,0.117,0.045
G,1,G1,W2_1,W2_7,A,0.061,0.119,0.045
F,1,F1,W2_1,W2_6,A,0.045,0.05,0.046
E,1,E1,W2_1,W2_5,A,0.076,0.162,0.048
D,1,D1,W2_1,W2_4,A,0.073,0.15,0.048
C,1,C1,W2_1,W2_3,A,0.062,0.131,0.041
B,1,B1,W2_1,W2_2,A,0.055,0.104,0.041
A,1,A1,W2_1,W2_1,A,0.071,0.154,0.047
H,12,H12,W2_2,W2_96,B,0.043,0.058,0.04
G,12,G12,W2_2,W2_95,B,0.054,0.113,0.037
F,12,F12,W2_2,W2_94,B,0.044,0.069,0.039
E,12,E12,W2_2,W2_93,B,0.05,0.097,0.037
D,12,D12,W2_2,W2_92,B,0.055,0.116,0.037
C,12,C12,W2_2,W2_91,B,0.041,0.062,0.036
B,12,B12,W2_2,W2_90,B,0.054,0.095,0.039
A,12,A12,W2_2,W2_89,B,0.041,0.052,0.04
H,11,H11,W2_2,W2_88,B,0.056,0.091,0.044
G,11,G11,W2_2,W2_87,B,0.062,0.115,0.042
F,11,F11,W2_2,W2_86,B,0.053,0.084,0.044
E,11,E11,W2_2,W2_85,B,0.046,0.062,0.043
D,11,D11,W2_2,W2_84,B,0.041,0.05,0.041
C,11,C11,W2_2,W2_83,B,0.042,0.05,0.041
B,11,B11,W2_2,W2_82,B,0.051,0.084,0.043
A,11,A11,W2_2,W2_81,B,0.057,0.096,0.045
H,10,H10,W2_2,W2_80,B,0.062,0.128,0.045
G,10,G10,W2_2,W2_79,B,0.046,0.061,0.044
F,10,F10,W2_2,W2_78,B,0.059,0.108,0.046
E,10,E10,W2_2,W2_77,B,0.054,0.098,0.041
D,10,D10,W2_2,W2_76,B,0.044,0.057,0.041
C,10,C10,W2_2,W2_75,B,0.052,0.087,0.042
B,10,B10,W2_2,W2_74,B,0.042,0.047,0.044
A,10,A10,W2_2,W2_72,B,0.049,0.071,0.046
H,9,H9,W2_2,W2_73,B,0.058,0.09,0.048
G,9,G9,W2_2,W2_71,B,0.05,0.052,0.055
F,9,F9,W2_2,W2_70,B,0.045,0.053,0.044
E,9,E9,W2_2,W2_69,B,0.048,0.051,0.054
D,9,D9,W2_2,W2_68,B,0.043,0.054,0.041
C,9,C9,W2_2,W2_67,B,0.043,0.051,0.043
B,9,B9,W2_2,W2_66,B,0.048,0.071,0.043
A,9,A9,W2_2,W2_65,B,0.035,0.035,0.04
H,8,H8,W2_2,W2_64,B,0.053,0.094,0.042
G,8,G8,W2_2,W2_63,B,0.046,0.061,0.044
F,8,F8,W2_2,W2_62,B,0.042,0.047,0.043
E,8,E8,W2_2,W2_61,B,0.047,0.069,0.043
D,8,D8,W2_2,W2_60,B,0.05,0.083,0.04
C,8,C8,W2_2,W2_59,B,0.046,0.066,0.042
B,8,B8,W2_2,W2_58,B,0.064,0.133,0.043
A,8,A8,W2_2,W2_57,B,0.046,0.054,0.047
H,7,H7,W2_2,W2_56,B,0.049,0.073,0.044
G,7,G7,W2_2,W2_55,B,0.048,0.071,0.044
F,7,F7,W2_2,W2_54,B,0.048,0.061,0.044
E,7,E7,W2_2,W2_53,B,0.042,0.045,0.043
D,7,D7,W2_2,W2_52,B,0.064,0.119,0.042
C,7,C7,W2_2,W2_51,B,0.047,0.06,0.043
B,7,B7,W2_2,W2_50,B,0.048,0.054,0.048
A,7,A7,W2_2,W2_49,B,0.055,0.085,0.048
H,6,H6,W2_2,W2_48,B,0.053,0.072,0.049
G,6,G6,W2_2,W2_47,B,0.057,0.063,0.054
F,6,F6,W2_2,W2_46,B,0.057,0.099,0.045
E,6,E6,W2_2,W2_45,B,0.063,0.114,0.046
D,6,D6,W2_2,W2_44,B,0.043,0.052,0.042
C,6,C6,W2_2,W2_43,B,0.049,0.072,0.043
B,6,B6,W2_2,W2_42,B,0.051,0.072,0.046
A,6,A6,W2_2,W2_41,B,0.057,0.094,0.046
H,5,H5,W2_2,W2_40,B,0.067,0.136,0.046
G,5,G5,W2_2,W2_39,B,0.075,0.164,0.045
F,5,F5,W2_2,W2_38,B,0.052,0.078,0.045
E,5,E5,W2_2,W2_37,B,0.053,0.089,0.043
D,5,D5,W2_2,W2_36,B,0.045,0.057,0.043
C,5,C5,W2_2,W2_35,B,0.098,0.254,0.043
B,5,B5,W2_2,W2_34,B,0.08,0.189,0.045
A,5,A5,W2_2,W2_33,B,0.088,0.211,0.046
H,4,H4,W2_2,W2_32,B,0.05,0.07,0.046
G,4,G4,W2_2,W2_31,B,0.093,0.237,0.044
F,4,F4,W2_2,W2_30,B,0.052,0.079,0.046
E,4,E4,W2_2,W2_29,B,0.074,0.174,0.043
D,4,D4,W2_2,W2_28,B,0.067,0.147,0.042
C,4,C4,W2_2,W2_27,B,0.055,0.093,0.043
B,4,B4,W2_2,W2_26,B,0.086,0.199,0.049
A,4,A4,W2_2,W2_25,B,0.067,0.12,0.046
H,3,H3,W2_2,W2_24,B,0.077,0.175,0.045
G,3,G3,W2_2,W2_23,B,0.047,0.063,0.043
F,3,F3,W2_2,W2_22,B,0.05,0.07,0.044
E,3,E3,W2_2,W2_21,B,0.046,0.056,0.044
D,3,D3,W2_2,W2_20,B,0.05,0.071,0.043
C,3,C3,W2_2,W2_19,B,0.054,0.088,0.042
B,3,B3,W2_2,W2_18,B,0.053,0.083,0.044
A,3,A3,W2_2,W2_17,B,0.069,0.126,0.049
H,2,H2,W2_2,W2_16,B,0.071,0.144,0.045
G,2,G2,W2_2,W2_15,B,0.065,0.116,0.045
F,2,F2,W2_2,W2_14,B,0.069,0.085,0.062
E,2,E2,W2_2,W2_13,B,0.045,0.055,0.043
D,2,D2,W2_2,W2_12,B,0.059,0.111,0.043
C,2,C2,W2_2,W2_11,B,0.047,0.067,0.042
B,2,B2,W2_2,W2_10,B,0.055,0.102,0.042
H,1,H1,W2_2,W2_8,B,0.075,0.138,0.062
G,1,G1,W2_2,W2_7,B,0.062,0.123,0.044
F,1,F1,W2_2,W2_6,B,0.046,0.053,0.046
E,1,E1,W2_2,W2_5,B,0.075,0.18,0.041
D,1,D1,W2_2,W2_4,B,0.092,0.234,0.042
C,1,C1,W2_2,W2_3,B,0.065,0.137,0.041
B,1,B1,W2_2,W2_2,B,0.056,0.108,0.041
A,1,A1,W2_2,W2_1,B,0.074,0.166,0.045
A,1,A1,W2_3,W2_1,C,0.098,0.202,0.083
B,1,B1,W2_3,W2_2,C,0.056,0.104,0.043
C,1,C1,W2_3,W2_3,C,0.061,0.134,0.041
D,1,D1,W2_3,W2_4,C,0.087,0.228,0.038
E,1,E1,W2_3,W2_5,C,0.069,0.174,0.036
F,1,F1,W2_3,W2_6,C,0.04,0.047,0.041
G,1,G1,W2_3,W2_7,C,0.056,0.118,0.037
H,1,H1,W2_3,W2_8,C,0.806,0.784,0.375
B,2,B2,W2_3,W2_10,C,0.055,0.098,0.043
C,2,C2,W2_3,W2_11,C,0.046,0.066,0.042
D,2,D2,W2_3,W2_12,C,0.059,0.111,0.043
E,2,E2,W2_3,W2_13,C,0.044,0.051,0.039
F,2,F2,W2_3,W2_14,C,0.057,0.073,0.049
G,2,G2,W2_3,W2_15,C,0.06,0.11,0.041
H,2,H2,W2_3,W2_16,C,0.071,0.142,0.046
A,3,A3,W2_3,W2_17,C,0.066,0.12,0.046
B,3,B3,W2_3,W2_18,C,0.051,0.078,0.043
C,3,C3,W2_3,W2_19,C,0.054,0.086,0.042
D,3,D3,W2_3,W2_20,C,0.049,0.071,0.043
E,3,E3,W2_3,W2_21,C,0.043,0.053,0.04
F,3,F3,W2_3,W2_22,C,0.046,0.065,0.04
G,3,G3,W2_3,W2_23,C,0.046,0.062,0.043
H,3,H3,W2_3,W2_25,C,0.078,0.173,0.047
A,4,A4,W2_3,W2_24,C,0.064,0.112,0.044
B,4,B4,W2_3,W2_26,C,0.078,0.17,0.047
C,4,C4,W2_3,W2_27,C,0.054,0.09,0.044
D,4,D4,W2_3,W2_28,C,0.068,0.144,0.045
E,4,E4,W2_3,W2_29,C,0.071,0.168,0.04
F,4,F4,W2_3,W2_30,C,0.046,0.073,0.039
G,4,G4,W2_3,W2_31,C,0.09,0.231,0.042
H,4,H4,W2_3,W2_32,C,0.053,0.074,0.05
A,5,A5,W2_3,W2_33,C,0.084,0.196,0.044
B,5,B5,W2_3,W2_34,C,0.078,0.178,0.044
C,5,C5,W2_3,W2_35,C,0.095,0.243,0.043
D,5,D5,W2_3,W2_36,C,0.045,0.056,0.043
E,5,E5,W2_3,W2_37,C,0.05,0.087,0.039
F,5,F5,W2_3,W2_38,C,0.048,0.073,0.042
G,5,G5,W2_3,W2_39,C,0.071,0.157,0.043
H,5,H5,W2_3,W2_40,C,0.067,0.134,0.047
A,6,A6,W2_3,W2_41,C,0.056,0.09,0.046
B,6,B6,W2_3,W2_42,C,0.049,0.068,0.044
C,6,C6,W2_3,W2_43,C,0.049,0.071,0.044
D,6,D6,W2_3,W2_44,C,0.05,0.071,0.045
E,6,E6,W2_3,W2_45,C,0.043,0.051,0.042
F,6,F6,W2_3,W2_46,C,0.059,0.11,0.042
G,6,G6,W2_3,W2_47,C,0.043,0.051,0.043
H,6,H6,W2_3,W2_48,C,0.05,0.07,0.046
A,7,A7,W2_3,W2_49,C,0.054,0.085,0.045
B,7,B7,W2_3,W2_50,C,0.045,0.052,0.045
C,7,C7,W2_3,W2_51,C,0.047,0.061,0.043
D,7,D7,W2_3,W2_52,C,0.064,0.119,0.043
E,7,E7,W2_3,W2_53,C,0.04,0.043,0.041
F,7,F7,W2_3,W2_54,C,0.044,0.057,0.041
G,7,G7,W2_3,W2_55,C,0.049,0.071,0.044
H,7,H7,W2_3,W2_56,C,0.051,0.077,0.045
A,8,A8,W2_3,W2_57,C,0.046,0.053,0.046
B,8,B8,W2_3,W2_58,C,0.065,0.13,0.044
C,8,C8,W2_3,W2_59,C,0.048,0.066,0.043
D,8,D8,W2_3,W2_60,C,0.051,0.083,0.042
E,8,E8,W2_3,W2_61,C,0.047,0.067,0.041
F,8,F8,W2_3,W2_62,C,0.04,0.045,0.04
G,8,G8,W2_3,W2_63,C,0.044,0.058,0.041
H,8,H8,W2_3,W2_64,C,0.057,0.102,0.044
A,9,A9,W2_3,W2_65,C,0.034,0.034,0.039
B,9,B9,W2_3,W2_66,C,0.048,0.071,0.041
C,9,C9,W2_3,W2_67,C,0.043,0.051,0.042
D,9,D9,W2_3,W2_68,C,0.048,0.059,0.045
E,9,E9,W2_3,W2_69,C,0.044,0.045,0.048
F,9,F9,W2_3,W2_70,C,0.041,0.049,0.039
G,9,G9,W2_3,W2_71,C,0.048,0.048,0.049
H,9,H9,W2_3,W2_72,C,0.052,0.075,0.047
A,10,A10,W2_3,W2_73,C,0.055,0.088,0.043
B,10,B10,W2_3,W2_74,C,0.041,0.045,0.041
C,10,C10,W2_3,W2_75,C,0.053,0.088,0.041
D,10,D10,W2_3,W2_76,C,0.044,0.056,0.041
E,10,E10,W2_3,W2_77,C,0.054,0.099,0.039
F,10,F10,W2_3,W2_78,C,0.055,0.105,0.041
G,10,G10,W2_3,W2_79,C,0.044,0.06,0.041
H,10,H10,W2_3,W2_80,C,0.064,0.13,0.045
A,11,A11,W2_3,W2_81,C,0.056,0.094,0.042
B,11,B11,W2_3,W2_82,C,0.052,0.085,0.042
C,11,C11,W2_3,W2_83,C,0.041,0.05,0.04
D,11,D11,W2_3,W2_84,C,0.042,0.05,0.041
E,11,E11,W2_3,W2_85,C,0.044,0.06,0.04
F,11,F11,W2_3,W2_86,C,0.049,0.08,0.039
G,11,G11,W2_3,W2_87,C,0.065,0.118,0.043
H,11,H11,W2_3,W2_88,C,0.058,0.096,0.044
A,12,A12,W2_3,W2_89,C,0.046,0.057,0.045
B,12,B12,W2_3,W2_90,C,0.058,0.1,0.041
C,12,C12,W2_3,W2_91,C,0.047,0.068,0.04
D,12,D12,W2_3,W2_92,C,0.06,0.123,0.041
E,12,E12,W2_3,W2_93,C,0.054,0.101,0.039
F,12,F12,W2_3,W2_94,C,0.047,0.074,0.039
G,12,G12,W2_3,W2_95,C,0.06,0.119,0.04
H,12,H12,W2_3,W2_96,C,0.048,0.065,0.045
A,1,A1,M1_1,M1_1,A,0.048,0.078,0.04
B,1,B1,M1_1,M1_2,A,0.06,0.139,0.038
C,1,C1,M1_1,M1_3,A,0.037,0.051,0.037
D,1,D1,M1_1,M1_4,A,0.06,0.134,0.036
E,1,E1,M1_1,M1_5,A,0.064,0.155,0.036
F,1,F1,M1_1,M1_6,A,0.039,0.053,0.036
G,1,G1,M1_1,M1_7,A,0.051,0.099,0.037
H,1,H1,M1_1,M1_8,A,0.047,0.064,0.04
A,2,A2,M1_1,M1_9,A,0.067,0.122,0.051
B,2,B2,M1_1,M1_10,A,0.043,0.057,0.041
C,2,C2,M1_1,M1_11,A,0.044,0.06,0.041
D,2,D2,M1_1,M1_12,A,0.068,0.152,0.043
E,2,E2,M1_1,M1_13,A,0.076,0.194,0.04
F,2,F2,M1_1,M1_14,A,0.078,0.186,0.04
G,2,G2,M1_1,M1_15,A,0.071,0.169,0.041
H,2,H2,M1_1,M1_16,A,0.059,0.096,0.049
A,3,A3,M1_1,M1_17,A,0.045,0.056,0.045
B,3,B3,M1_1,M1_18,A,0.063,0.132,0.043
C,3,C3,M1_1,M1_19,A,0.084,0.217,0.041
D,3,D3,M1_1,M1_20,A,0.058,0.112,0.044
E,3,E3,M1_1,M1_21,A,0.096,0.261,0.046
F,3,F3,M1_1,M1_22,A,0.061,0.069,0.043
G,3,G3,M1_1,M1_23,A,0.088,0.231,0.041
H,3,H3,M1_1,M1_24,A,0.087,0.224,0.044
A,4,A4,M1_1,M1_25,A,0.05,0.078,0.043
B,4,B4,M1_1,M1_26,A,0.044,0.054,0.044
C,4,C4,M1_1,M1_27,A,0.082,0.214,0.042
D,4,D4,M1_1,M1_28,A,0.046,0.057,0.045
E,4,E4,M1_1,M1_29,A,0.057,0.112,0.04
F,4,F4,M1_1,M1_30,A,0.049,0.076,0.041
G,4,G4,M1_1,M1_31,A,0.042,0.052,0.041
H,4,H4,M1_1,M1_32,A,0.079,0.182,0.045
A,5,A5,M1_1,M1_33,A,0.043,0.051,0.043
B,5,B5,M1_1,M1_34,A,0.066,0.137,0.044
C,5,C5,M1_1,M1_35,A,0.069,0.158,0.042
D,5,D5,M1_1,M1_36,A,0.069,0.14,0.042
E,5,E5,M1_1,M1_37,A,0.05,0.086,0.039
F,5,F5,M1_1,M1_38,A,0.079,0.184,0.05
G,5,G5,M1_1,M1_39,A,0.065,0.142,0.041
H,5,H5,M1_1,M1_40,A,0.052,0.074,0.048
A,6,A6,M1_1,M1_41,A,0.053,0.085,0.044
B,6,B6,M1_1,M1_42,A,0.047,0.065,0.043
C,6,C6,M1_1,M1_43,A,0.053,0.087,0.042
D,6,D6,M1_1,M1_44,A,0.05,0.08,0.042
E,6,E6,M1_1,M1_45,A,0.043,0.059,0.04
F,6,F6,M1_1,M1_46,A,0.086,0.201,0.041
G,6,G6,M1_1,M1_47,A,0.053,0.095,0.041
H,6,H6,M1_1,M1_48,A,0.049,0.076,0.042
A,7,A7,M1_1,M1_49,A,0.099,0.249,0.045
B,7,B7,M1_1,M1_50,A,0.047,0.07,0.043
C,7,C7,M1_1,M1_51,A,0.048,0.07,0.042
D,7,D7,M1_1,M1_52,A,0.054,0.094,0.042
E,7,E7,M1_1,M1_53,A,0.046,0.066,0.04
F,7,F7,M1_1,M1_54,A,0.074,0.156,0.044
G,7,G7,M1_1,M1_55,A,0.047,0.07,0.041
H,7,H7,M1_1,M1_56,A,0.071,0.155,0.043
A,8,A8,M1_1,M1_57,A,0.043,0.045,0.044
B,8,B8,M1_1,M1_58,A,0.049,0.083,0.042
C,8,C8,M1_1,M1_59,A,0.06,0.127,0.041
D,8,D8,M1_1,M1_60,A,0.079,0.173,0.04
E,8,E8,M1_1,M1_61,A,0.046,0.069,0.041
F,8,F8,M1_1,M1_62,A,0.072,0.178,0.04
G,8,G8,M1_1,M1_63,A,0.048,0.075,0.041
H,8,H8,M1_1,M1_64,A,0.073,0.181,0.041
A,9,A9,M1_1,M1_65,A,0.046,0.069,0.041
B,9,B9,M1_1,M1_66,A,0.049,0.081,0.042
C,9,C9,M1_1,M1_67,A,0.086,0.221,0.043
D,9,D9,M1_1,M1_68,A,0.044,0.058,0.041
E,9,E9,M1_1,M1_69,A,0.05,0.088,0.04
F,9,F9,M1_1,M1_70,A,0.051,0.092,0.04
G,9,G9,M1_1,M1_71,A,0.049,0.085,0.041
H,9,H9,M1_1,M1_72,A,0.098,0.268,0.044
A,10,A10,M1_1,M1_73,A,0.059,0.122,0.043
B,10,B10,M1_1,M1_74,A,0.094,0.255,0.043
C,10,C10,M1_1,M1_75,A,0.091,0.241,0.046
D,10,D10,M1_1,M1_76,A,0.099,0.278,0.041
E,10,E10,M1_1,M1_77,A,0.055,0.113,0.039
F,10,F10,M1_1,M1_78,A,0.095,0.267,0.04
G,10,G10,M1_1,M1_79,A,0.053,0.097,0.04
H,10,H10,M1_1,M1_80,A,0.079,0.196,0.043
A,11,A11,M1_1,M1_81,A,0.074,0.181,0.041
B,11,B11,M1_1,M1_82,A,0.067,0.148,0.041
C,11,C11,M1_1,M1_83,A,0.043,0.06,0.04
D,11,D11,M1_1,M1_84,A,0.076,0.175,0.047
E,11,E11,M1_1,M1_85,A,0.067,0.153,0.04
F,11,F11,M1_1,M1_86,A,0.044,0.061,0.04
G,11,G11,M1_1,M1_87,A,0.041,0.054,0.039
H,11,H11,M1_1,M1_88,A,0.047,0.066,0.043
A,12,A12,M1_1,M1_89,A,0.046,0.066,0.043
B,12,B12,M1_1,M1_90,A,0.065,0.145,0.042
C,12,C12,M1_1,M1_91,A,0.046,0.073,0.041
D,12,D12,M1_1,M1_92,A,0.051,0.09,0.04
E,12,E12,M1_1,M1_93,A,0.063,0.135,0.039
F,12,F12,M1_1,M1_94,A,0.039,0.045,0.039
G,12,G12,M1_1,M1_95,A,0.045,0.07,0.038
H,12,H12,M1_1,M1_96,A,0.045,0.062,0.041
A,1,A1,M1_2,M1_1,B,0.047,0.076,0.039
B,1,B1,M1_2,M1_2,B,0.059,0.137,0.036
C,1,C1,M1_2,M1_3,B,0.038,0.051,0.036
D,1,D1,M1_2,M1_4,B,0.06,0.133,0.036
E,1,E1,M1_2,M1_5,B,0.062,0.145,0.036
F,1,F1,M1_2,M1_6,B,0.039,0.053,0.036
G,1,G1,M1_2,M1_7,B,0.048,0.096,0.035
H,1,H1,M1_2,M1_8,B,0.041,0.059,0.037
A,2,A2,M1_2,M1_9,B,0.059,0.115,0.044
B,2,B2,M1_2,M1_10,B,0.045,0.058,0.043
C,2,C2,M1_2,M1_11,B,0.043,0.059,0.042
D,2,D2,M1_2,M1_12,B,0.068,0.155,0.042
E,2,E2,M1_2,M1_13,B,0.077,0.2,0.04
F,2,F2,M1_2,M1_14,B,0.076,0.18,0.041
G,2,G2,M1_2,M1_15,B,0.071,0.167,0.04
H,2,H2,M1_2,M1_16,B,0.055,0.09,0.044
A,3,A3,M1_2,M1_17,B,0.046,0.057,0.046
B,3,B3,M1_2,M1_18,B,0.062,0.132,0.042
C,3,C3,M1_2,M1_19,B,0.084,0.214,0.042
D,3,D3,M1_2,M1_20,B,0.056,0.109,0.042
E,3,E3,M1_2,M1_21,B,0.089,0.251,0.04
F,3,F3,M1_2,M1_22,B,0.045,0.069,0.039
G,3,G3,M1_2,M1_23,B,0.089,0.232,0.041
H,3,H3,M1_2,M1_24,B,0.087,0.221,0.044
A,4,A4,M1_2,M1_25,B,0.049,0.078,0.043
B,4,B4,M1_2,M1_26,B,0.043,0.054,0.043
C,4,C4,M1_2,M1_27,B,0.081,0.214,0.042
D,4,D4,M1_2,M1_28,B,0.044,0.055,0.042
E,4,E4,M1_2,M1_29,B,0.057,0.115,0.04
F,4,F4,M1_2,M1_30,B,0.047,0.075,0.04
G,4,G4,M1_2,M1_31,B,0.042,0.052,0.041
H,4,H4,M1_2,M1_32,B,0.077,0.182,0.044
A,5,A5,M1_2,M1_33,B,0.045,0.052,0.045
B,5,B5,M1_2,M1_34,B,0.064,0.139,0.043
C,5,C5,M1_2,M1_35,B,0.068,0.155,0.042
D,5,D5,M1_2,M1_36,B,0.068,0.138,0.042
E,5,E5,M1_2,M1_37,B,0.049,0.085,0.038
F,5,F5,M1_2,M1_38,B,0.079,0.185,0.041
G,5,G5,M1_2,M1_39,B,0.063,0.141,0.04
H,5,H5,M1_2,M1_40,B,0.047,0.069,0.042
A,6,A6,M1_2,M1_41,B,0.052,0.085,0.043
B,6,B6,M1_2,M1_42,B,0.045,0.062,0.041
C,6,C6,M1_2,M1_43,B,0.052,0.086,0.042
D,6,D6,M1_2,M1_44,B,0.05,0.08,0.042
E,6,E6,M1_2,M1_45,B,0.043,0.058,0.04
F,6,F6,M1_2,M1_46,B,0.084,0.199,0.04
G,6,G6,M1_2,M1_47,B,0.053,0.095,0.041
H,6,H6,M1_2,M1_48,B,0.048,0.075,0.042
A,7,A7,M1_2,M1_49,B,0.101,0.252,0.046
B,7,B7,M1_2,M1_50,B,0.047,0.069,0.043
C,7,C7,M1_2,M1_51,B,0.047,0.07,0.042
D,7,D7,M1_2,M1_52,B,0.053,0.093,0.041
E,7,E7,M1_2,M1_53,B,0.043,0.063,0.039
F,7,F7,M1_2,M1_54,B,0.07,0.153,0.04
G,7,G7,M1_2,M1_55,B,0.046,0.07,0.039
H,7,H7,M1_2,M1_56,B,0.069,0.155,0.04
A,8,A8,M1_2,M1_57,B,0.041,0.045,0.044
B,8,B8,M1_2,M1_58,B,0.048,0.081,0.04
C,8,C8,M1_2,M1_59,B,0.058,0.123,0.041
D,8,D8,M1_2,M1_60,B,0.078,0.171,0.039
E,8,E8,M1_2,M1_61,B,0.045,0.068,0.04
F,8,F8,M1_2,M1_62,B,0.07,0.176,0.039
G,8,G8,M1_2,M1_63,B,0.047,0.074,0.041
H,8,H8,M1_2,M1_64,B,0.073,0.182,0.04
A,9,A9,M1_2,M1_65,B,0.044,0.067,0.039
B,9,B9,M1_2,M1_66,B,0.048,0.079,0.041
C,9,C9,M1_2,M1_67,B,0.085,0.218,0.044
D,9,D9,M1_2,M1_68,B,0.043,0.058,0.04
E,9,E9,M1_2,M1_69,B,0.049,0.087,0.038
F,9,F9,M1_2,M1_70,B,0.05,0.09,0.038
G,9,G9,M1_2,M1_71,B,0.048,0.084,0.039
H,9,H9,M1_2,M1_72,B,0.097,0.265,0.044
A,10,A10,M1_2,M1_73,B,0.057,0.12,0.041
B,10,B10,M1_2,M1_74,B,0.091,0.253,0.04
C,10,C10,M1_2,M1_75,B,0.088,0.233,0.041
D,10,D10,M1_2,M1_76,B,0.098,0.273,0.04
E,10,E10,M1_2,M1_77,B,0.055,0.113,0.038
F,10,F10,M1_2,M1_78,B,0.094,0.263,0.04
G,10,G10,M1_2,M1_79,B,0.057,0.095,0.04
H,10,H10,M1_2,M1_80,B,0.078,0.193,0.042
A,11,A11,M1_2,M1_81,B,0.074,0.178,0.042
B,11,B11,M1_2,M1_82,B,0.066,0.147,0.04
C,11,C11,M1_2,M1_83,B,0.043,0.06,0.039
D,11,D11,M1_2,M1_84,B,0.071,0.174,0.04
E,11,E11,M1_2,M1_85,B,0.066,0.153,0.04
F,11,F11,M1_2,M1_86,B,0.276,0.318,0.289
G,11,G11,M1_2,M1_87,B,0.041,0.054,0.038
H,11,H11,M1_2,M1_88,B,0.046,0.065,0.042
A,12,A12,M1_2,M1_89,B,0.046,0.065,0.043
B,12,B12,M1_2,M1_90,B,0.064,0.144,0.041
C,12,C12,M1_2,M1_91,B,0.045,0.072,0.04
D,12,D12,M1_2,M1_92,B,0.05,0.088,0.04
E,12,E12,M1_2,M1_93,B,0.059,0.122,0.038
F,12,F12,M1_2,M1_94,B,0.038,0.043,0.038
G,12,G12,M1_2,M1_95,B,0.043,0.069,0.037
H,12,H12,M1_2,M1_96,B,0.046,0.062,0.042
A,1,A1,M1_3,M1_1,C,0.049,0.082,0.04
B,1,B1,M1_3,M1_2,C,0.062,0.147,0.036
C,1,C1,M1_3,M1_3,C,0.038,0.052,0.035
D,1,D1,M1_3,M1_4,C,0.062,0.142,0.035
E,1,E1,M1_3,M1_5,C,0.064,0.154,0.036
F,1,F1,M1_3,M1_6,C,0.039,0.054,0.035
G,1,G1,M1_3,M1_7,C,0.047,0.09,0.036
H,1,H1,M1_3,M1_8,C,0.041,0.06,0.037
A,2,A2,M1_3,M1_9,C,0.06,0.124,0.042
B,2,B2,M1_3,M1_10,C,0.042,0.057,0.039
C,2,C2,M1_3,M1_11,C,0.042,0.06,0.039
D,2,D2,M1_3,M1_12,C,0.07,0.165,0.041
E,2,E2,M1_3,M1_13,C,0.08,0.213,0.038
F,2,F2,M1_3,M1_14,C,0.077,0.189,0.039
G,2,G2,M1_3,M1_15,C,0.072,0.177,0.038
H,2,H2,M1_3,M1_16,C,0.052,0.092,0.04
A,3,A3,M1_3,M1_17,C,0.044,0.056,0.043
B,3,B3,M1_3,M1_18,C,0.064,0.141,0.041
C,3,C3,M1_3,M1_19,C,0.086,0.231,0.039
D,3,D3,M1_3,M1_20,C,0.056,0.115,0.04
E,3,E3,M1_3,M1_21,C,0.092,0.267,0.039
F,3,F3,M1_3,M1_22,C,0.045,0.07,0.039
G,3,G3,M1_3,M1_23,C,0.091,0.244,0.04
H,3,H3,M1_3,M1_24,C,0.091,0.236,0.045
A,4,A4,M1_3,M1_25,C,0.049,0.083,0.04
B,4,B4,M1_3,M1_26,C,0.044,0.055,0.042
C,4,C4,M1_3,M1_27,C,0.086,0.236,0.04
D,4,D4,M1_3,M1_28,C,0.043,0.056,0.041
E,4,E4,M1_3,M1_29,C,0.058,0.12,0.039
F,4,F4,M1_3,M1_30,C,0.046,0.077,0.038
G,4,G4,M1_3,M1_31,C,0.041,0.052,0.039
H,4,H4,M1_3,M1_32,C,0.085,0.197,0.048
A,5,A5,M1_3,M1_33,C,0.043,0.05,0.043
B,5,B5,M1_3,M1_34,C,0.066,0.15,0.04
C,5,C5,M1_3,M1_35,C,0.07,0.165,0.041
D,5,D5,M1_3,M1_36,C,0.071,0.149,0.04
E,5,E5,M1_3,M1_37,C,0.05,0.089,0.037
F,5,F5,M1_3,M1_38,C,0.081,0.197,0.039
G,5,G5,M1_3,M1_39,C,0.065,0.149,0.04
H,5,H5,M1_3,M1_40,C,0.048,0.072,0.042
A,6,A6,M1_3,M1_41,C,0.052,0.091,0.042
B,6,B6,M1_3,M1_42,C,0.046,0.067,0.041
C,6,C6,M1_3,M1_43,C,0.053,0.092,0.04
D,6,D6,M1_3,M1_44,C,0.05,0.083,0.04
E,6,E6,M1_3,M1_45,C,0.043,0.06,0.039
F,6,F6,M1_3,M1_46,C,0.089,0.215,0.039
G,6,G6,M1_3,M1_47,C,0.054,0.099,0.04
H,6,H6,M1_3,M1_48,C,0.049,0.077,0.042
A,7,A7,M1_3,M1_49,C,0.105,0.275,0.043
B,7,B7,M1_3,M1_50,C,0.047,0.072,0.041
C,7,C7,M1_3,M1_51,C,0.047,0.072,0.04
D,7,D7,M1_3,M1_52,C,0.054,0.099,0.04
E,7,E7,M1_3,M1_53,C,0.044,0.066,0.039
F,7,F7,M1_3,M1_54,C,0.073,0.163,0.039
G,7,G7,M1_3,M1_55,C,0.048,0.074,0.04
H,7,H7,M1_3,M1_56,C,0.073,0.166,0.041
A,8,A8,M1_3,M1_57,C,0.04,0.044,0.042
B,8,B8,M1_3,M1_58,C,0.049,0.086,0.039
C,8,C8,M1_3,M1_59,C,0.06,0.133,0.04
D,8,D8,M1_3,M1_60,C,0.082,0.185,0.039
E,8,E8,M1_3,M1_61,C,0.047,0.072,0.04
F,8,F8,M1_3,M1_62,C,0.075,0.194,0.039
G,8,G8,M1_3,M1_63,C,0.048,0.078,0.04
H,8,H8,M1_3,M1_64,C,0.077,0.199,0.04
A,9,A9,M1_3,M1_65,C,0.045,0.072,0.04
B,9,B9,M1_3,M1_66,C,0.049,0.085,0.04
C,9,C9,M1_3,M1_67,C,0.09,0.243,0.041
D,9,D9,M1_3,M1_68,C,0.042,0.059,0.039
E,9,E9,M1_3,M1_69,C,0.051,0.094,0.038
F,9,F9,M1_3,M1_70,C,0.051,0.097,0.038
G,9,G9,M1_3,M1_71,C,0.049,0.09,0.038
H,9,H9,M1_3,M1_72,C,0.103,0.292,0.043
A,10,A10,M1_3,M1_73,C,0.06,0.131,0.041
B,10,B10,M1_3,M1_74,C,0.097,0.276,0.04
C,10,C10,M1_3,M1_75,C,0.09,0.255,0.039
D,10,D10,M1_3,M1_76,C,0.106,0.303,0.04
E,10,E10,M1_3,M1_77,C,0.058,0.12,0.04
F,10,F10,M1_3,M1_78,C,0.101,0.29,0.039
G,10,G10,M1_3,M1_79,C,0.053,0.101,0.039
H,10,H10,M1_3,M1_80,C,0.082,0.21,0.042
A,11,A11,M1_3,M1_81,C,0.078,0.197,0.04
B,11,B11,M1_3,M1_82,C,0.069,0.161,0.039
C,11,C11,M1_3,M1_83,C,0.043,0.062,0.039
D,11,D11,M1_3,M1_84,C,0.075,0.192,0.039
E,11,E11,M1_3,M1_85,C,0.07,0.166,0.04
F,11,F11,M1_3,M1_86,C,0.257,0.292,0.271
G,11,G11,M1_3,M1_87,C,0.041,0.056,0.038
H,11,H11,M1_3,M1_88,C,0.046,0.067,0.041
A,12,A12,M1_3,M1_89,C,0.047,0.068,0.044
B,12,B12,M1_3,M1_90,C,0.068,0.158,0.041
C,12,C12,M1_3,M1_91,C,0.046,0.076,0.039
D,12,D12,M1_3,M1_92,C,0.054,0.096,0.04
E,12,E12,M1_3,M1_93,C,0.062,0.132,0.038
F,12,F12,M1_3,M1_94,C,0.038,0.044,0.038
G,12,G12,M1_3,M1_95,C,0.044,0.072,0.036
H,12,H12,M1_3,M1_96,C,0.046,0.064,0.041
A,1,A1,M4_1,M4_1,A,0.064,0.096,0.041
B,1,B1,M4_1,M4_2,A,0.048,0.086,0.038
C,1,C1,M4_1,M4_3,A,0.057,0.103,0.048
D,1,D1,M4_1,M4_4,A,0.056,0.108,0.043
E,1,E1,M4_1,M4_5,A,0.056,0.093,0.043
F,1,F1,M4_1,M4_6,A,0.042,0.059,0.038
G,1,G1,M4_1,M4_7,A,0.078,0.194,0.038
H,1,H1,M4_1,M4_8,A,0.091,0.24,0.039
A,2,A2,M4_1,M4_9,A,0.063,0.102,0.055
B,2,B2,M4_1,M4_10,A,0.059,0.119,0.043
C,2,C2,M4_1,M4_11,A,0.1,0.144,0.09
D,2,D2,M4_1,M4_12,A,0.074,0.158,0.045
E,2,E2,M4_1,M4_13,A,0.048,0.063,0.043
F,2,F2,M4_1,M4_14,A,0.093,0.123,0.083
G,2,G2,M4_1,M4_15,A,0.06,0.114,0.044
H,2,H2,M4_1,M4_16,A,0.065,0.13,0.047
A,3,A3,M4_1,M4_17,A,0.17,0.275,0.132
B,3,B3,M4_1,M4_18,A,0.065,0.141,0.042
C,3,C3,M4_1,M4_19,A,0.092,0.241,0.044
D,3,D3,M4_1,M4_20,A,0.076,0.176,0.042
E,3,E3,M4_1,M4_21,A,0.065,0.128,0.044
F,3,F3,M4_1,M4_22,A,0.05,0.074,0.044
G,3,G3,M4_1,M4_23,A,0.072,0.156,0.041
H,3,H3,M4_1,M4_24,A,0.071,0.15,0.045
A,4,A4,M4_1,M4_25,A,0.063,0.121,0.046
B,4,B4,M4_1,M4_26,A,0.06,0.108,0.05
C,4,C4,M4_1,M4_27,A,0.048,0.067,0.044
D,4,D4,M4_1,M4_28,A,0.099,0.273,0.043
E,4,E4,M4_1,M4_29,A,0.058,0.112,0.041
F,4,F4,M4_1,M4_30,A,0.063,0.128,0.044
G,4,G4,M4_1,M4_31,A,0.045,0.067,0.04
H,4,H4,M4_1,M4_32,A,0.061,0.102,0.046
A,5,A5,M4_1,M4_33,A,0.052,0.085,0.045
B,5,B5,M4_1,M4_34,A,0.09,0.232,0.042
C,5,C5,M4_1,M4_35,A,0.047,0.068,0.042
D,5,D5,M4_1,M4_36,A,0.065,0.138,0.043
E,5,E5,M4_1,M4_37,A,0.089,0.231,0.044
F,5,F5,M4_1,M4_38,A,0.049,0.076,0.042
G,5,G5,M4_1,M4_39,A,0.052,0.085,0.043
H,5,H5,M4_1,M4_40,A,0.054,0.083,0.047
A,6,A6,M4_1,M4_41,A,0.068,0.143,0.044
B,6,B6,M4_1,M4_42,A,0.093,0.241,0.042
C,6,C6,M4_1,M4_43,A,0.111,0.294,0.045
D,6,D6,M4_1,M4_44,A,0.06,0.09,0.051
E,6,E6,M4_1,M4_45,A,0.066,0.13,0.047
F,6,F6,M4_1,M4_46,A,0.046,0.063,0.043
G,6,G6,M4_1,M4_47,A,0.044,0.061,0.041
H,6,H6,M4_1,M4_48,A,0.113,0.303,0.047
A,7,A7,M4_1,M4_49,A,0.064,0.119,0.044
B,7,B7,M4_1,M4_50,A,0.091,0.222,0.045
C,7,C7,M4_1,M4_51,A,0.083,0.184,0.046
D,7,D7,M4_1,M4_52,A,0.057,0.095,0.046
E,7,E7,M4_1,M4_53,A,0.106,0.279,0.045
F,7,F7,M4_1,M4_54,A,0.082,0.119,0.074
G,7,G7,M4_1,M4_55,A,0.066,0.134,0.042
H,7,H7,M4_1,M4_56,A,0.052,0.075,0.044
A,8,A8,M4_1,M4_57,A,0.099,0.249,0.045
C,8,C8,M4_1,M4_59,A,0.048,0.064,0.045
D,8,D8,M4_1,M4_60,A,0.062,0.125,0.041
E,8,E8,M4_1,M4_61,A,0.048,0.07,0.043
F,8,F8,M4_1,M4_62,A,0.057,0.113,0.041
G,8,G8,M4_1,M4_63,A,0.086,0.203,0.042
H,8,H8,M4_1,M4_64,A,0.064,0.13,0.043
A,9,A9,M4_1,M4_65,A,0.048,0.069,0.045
B,9,B9,M4_1,M4_66,A,0.059,0.115,0.041
C,9,C9,M4_1,M4_67,A,0.073,0.17,0.043
D,9,D9,M4_1,M4_68,A,0.062,0.12,0.041
E,9,E9,M4_1,M4_69,A,0.046,0.068,0.039
F,9,F9,M4_1,M4_70,A,0.058,0.111,0.042
G,9,G9,M4_1,M4_71,A,0.085,0.218,0.04
H,9,H9,M4_1,M4_72,A,0.109,0.166,0.083
A,10,A10,M4_1,M4_73,A,0.059,0.118,0.04
B,10,B10,M4_1,M4_74,A,0.089,0.234,0.041
C,10,C10,M4_1,M4_75,A,0.047,0.068,0.039
D,10,D10,M4_1,M4_76,A,0.111,0.295,0.041
E,10,E10,M4_1,M4_77,A,0.056,0.103,0.038
F,10,F10,M4_1,M4_78,A,0.088,0.231,0.043
G,10,G10,M4_1,M4_79,A,0.044,0.063,0.04
H,10,H10,M4_1,M4_80,A,0.047,0.071,0.042
A,11,A11,M4_1,M4_81,A,0.092,0.226,0.041
B,11,B11,M4_1,M4_82,A,0.056,0.105,0.041
C,11,C11,M4_1,M4_83,A,0.06,0.124,0.04
D,11,D11,M4_1,M4_84,A,0.07,0.165,0.039
E,11,E11,M4_1,M4_85,A,0.054,0.089,0.044
F,11,F11,M4_1,M4_86,A,0.066,0.132,0.047
G,11,G11,M4_1,M4_87,A,0.052,0.078,0.048
H,11,H11,M4_1,M4_88,A,0.057,0.077,0.054
A,12,A12,M4_1,M4_89,A,0.059,0.101,0.049
B,12,B12,M4_1,M4_90,A,0.056,0.085,0.048
C,12,C12,M4_1,M4_91,A,0.072,0.163,0.043
D,12,D12,M4_1,M4_92,A,0.047,0.065,0.043
E,12,E12,M4_1,M4_93,A,0.063,0.118,0.043
F,12,F12,M4_1,M4_94,A,0.048,0.071,0.041
G,12,G12,M4_1,M4_95,A,0.056,0.074,0.051
H,12,H12,M4_1,M4_96,A,0.093,0.14,0.073
A,1,A1,M4_2,M4_1,B,0.05,0.096,0.038
B,1,B1,M4_2,M4_2,B,0.047,0.087,0.037
C,1,C1,M4_2,M4_3,B,0.052,0.096,0.039
D,1,D1,M4_2,M4_4,B,0.057,0.11,0.043
E,1,E1,M4_2,M4_5,B,0.052,0.094,0.039
F,1,F1,M4_2,M4_6,B,0.041,0.06,0.037
G,1,G1,M4_2,M4_7,B,0.085,0.221,0.04
H,1,H1,M4_2,M4_8,B,0.101,0.276,0.039
A,2,A2,M4_2,M4_9,B,0.061,0.102,0.052
B,2,B2,M4_2,M4_10,B,0.058,0.12,0.041
C,2,C2,M4_2,M4_11,B,0.052,0.09,0.042
D,2,D2,M4_2,M4_12,B,0.072,0.152,0.045
E,2,E2,M4_2,M4_13,B,0.041,0.058,0.038
F,2,F2,M4_2,M4_14,B,0.049,0.079,0.039
G,2,G2,M4_2,M4_15,B,0.057,0.114,0.04
H,2,H2,M4_2,M4_16,B,0.064,0.135,0.042
A,3,A3,M4_2,M4_17,B,0.09,0.202,0.05
B,3,B3,M4_2,M4_18,B,0.066,0.14,0.043
C,3,C3,M4_2,M4_19,B,0.09,0.239,0.042
D,3,D3,M4_2,M4_20,B,0.078,0.179,0.042
E,3,E3,M4_2,M4_21,B,0.06,0.117,0.041
F,3,F3,M4_2,M4_22,B,0.246,0.292,0.264
G,3,G3,M4_2,M4_23,B,0.072,0.159,0.04
H,3,H3,M4_2,M4_24,B,0.072,0.155,0.044
A,4,A4,M4_2,M4_25,B,0.065,0.127,0.046
B,4,B4,M4_2,M4_26,B,0.058,0.109,0.044
C,4,C4,M4_2,M4_27,B,0.048,0.067,0.044
D,4,D4,M4_2,M4_28,B,0.101,0.274,0.044
E,4,E4,M4_2,M4_29,B,0.058,0.112,0.04
F,4,F4,M4_2,M4_30,B,0.06,0.127,0.039
G,4,G4,M4_2,M4_31,B,0.045,0.068,0.04
H,4,H4,M4_2,M4_32,B,0.056,0.098,0.044
A,5,A5,M4_2,M4_33,B,0.053,0.086,0.044
B,5,B5,M4_2,M4_34,B,0.093,0.238,0.042
C,5,C5,M4_2,M4_35,B,0.049,0.07,0.044
D,5,D5,M4_2,M4_36,B,0.068,0.138,0.044
E,5,E5,M4_2,M4_37,B,0.085,0.228,0.039
F,5,F5,M4_2,M4_38,B,0.048,0.075,0.041
G,5,G5,M4_2,M4_39,B,0.05,0.083,0.041
H,5,H5,M4_2,M4_40,B,0.052,0.082,0.045
A,6,A6,M4_2,M4_41,B,0.069,0.147,0.043
B,6,B6,M4_2,M4_42,B,0.094,0.248,0.043
C,6,C6,M4_2,M4_43,B,0.107,0.281,0.045
D,6,D6,M4_2,M4_44,B,0.051,0.082,0.043
E,6,E6,M4_2,M4_45,B,0.063,0.124,0.043
F,6,F6,M4_2,M4_46,B,0.047,0.064,0.043
G,6,G6,M4_2,M4_47,B,0.047,0.063,0.043
H,6,H6,M4_2,M4_48,B,0.112,0.307,0.044
A,7,A7,M4_2,M4_49,B,0.064,0.117,0.046
B,7,B7,M4_2,M4_50,B,0.088,0.214,0.045
C,7,C7,M4_2,M4_51,B,0.081,0.181,0.045
D,7,D7,M4_2,M4_52,B,0.054,0.092,0.044
E,7,E7,M4_2,M4_53,B,0.104,0.277,0.044
F,7,F7,M4_2,M4_54,B,0.056,0.09,0.047
G,7,G7,M4_2,M4_55,B,0.064,0.13,0.041
H,7,H7,M4_2,M4_56,B,0.048,0.072,0.043
A,8,A8,M4_2,M4_57,B,0.099,0.251,0.043
C,8,C8,M4_2,M4_59,B,0.055,0.075,0.057
D,8,D8,M4_2,M4_60,B,0.062,0.125,0.04
E,8,E8,M4_2,M4_61,B,0.045,0.068,0.039
F,8,F8,M4_2,M4_62,B,0.056,0.112,0.04
G,8,G8,M4_2,M4_63,B,0.084,0.201,0.04
H,8,H8,M4_2,M4_64,B,0.077,0.161,0.053
A,9,A9,M4_2,M4_65,B,0.046,0.066,0.041
B,9,B9,M4_2,M4_66,B,0.059,0.114,0.041
C,9,C9,M4_2,M4_67,B,0.071,0.167,0.042
D,9,D9,M4_2,M4_68,B,0.062,0.12,0.04
E,9,E9,M4_2,M4_69,B,0.044,0.067,0.038
F,9,F9,M4_2,M4_70,B,0.059,0.115,0.043
G,9,G9,M4_2,M4_71,B,0.082,0.208,0.039
H,9,H9,M4_2,M4_72,B,0.345,0.509,0.484
A,10,A10,M4_2,M4_73,B,0.061,0.118,0.042
B,10,B10,M4_2,M4_74,B,0.088,0.229,0.04
C,10,C10,M4_2,M4_75,B,0.046,0.066,0.039
D,10,D10,M4_2,M4_76,B,0.11,0.292,0.04
E,10,E10,M4_2,M4_77,B,0.055,0.101,0.039
F,10,F10,M4_2,M4_78,B,0.087,0.231,0.04
G,10,G10,M4_2,M4_79,B,0.044,0.061,0.04
H,10,H10,M4_2,M4_80,B,0.048,0.069,0.043
A,11,A11,M4_2,M4_81,B,0.093,0.226,0.041
B,11,B11,M4_2,M4_82,B,0.064,0.115,0.053
C,11,C11,M4_2,M4_83,B,0.058,0.115,0.041
D,11,D11,M4_2,M4_84,B,0.067,0.151,0.04
E,11,E11,M4_2,M4_85,B,0.049,0.08,0.041
F,11,F11,M4_2,M4_86,B,0.06,0.119,0.044
G,11,G11,M4_2,M4_87,B,0.046,0.065,0.044
H,11,H11,M4_2,M4_88,B,0.049,0.066,0.046
A,12,A12,M4_2,M4_89,B,0.064,0.107,0.057
B,12,B12,M4_2,M4_90,B,0.049,0.076,0.042
C,12,C12,M4_2,M4_91,B,0.067,0.15,0.043
D,12,D12,M4_2,M4_92,B,0.046,0.063,0.042
E,12,E12,M4_2,M4_93,B,0.058,0.114,0.039
F,12,F12,M4_2,M4_94,B,0.047,0.069,0.04
G,12,G12,M4_2,M4_95,B,0.042,0.059,0.039
H,12,H12,M4_2,M4_96,B,0.056,0.099,0.043
A,1,A1,M4_3,M4_1,C,0.055,0.092,0.041
B,1,B1,M4_3,M4_2,C,0.048,0.086,0.039
C,1,C1,M4_3,M4_3,C,0.053,0.097,0.041
D,1,D1,M4_3,M4_4,C,0.058,0.112,0.046
E,1,E1,M4_3,M4_5,C,0.051,0.092,0.038
F,1,F1,M4_3,M4_6,C,0.045,0.064,0.04
G,1,G1,M4_3,M4_7,C,0.087,0.228,0.051
H,1,H1,M4_3,M4_8,C,0.095,0.247,0.04
A,2,A2,M4_3,M4_9,C,0.065,0.105,0.058
B,2,B2,M4_3,M4_10,C,0.061,0.121,0.044
C,2,C2,M4_3,M4_11,C,0.054,0.091,0.043
D,2,D2,M4_3,M4_12,C,0.073,0.155,0.046
E,2,E2,M4_3,M4_13,C,0.043,0.059,0.039
F,2,F2,M4_3,M4_14,C,0.052,0.082,0.043
G,2,G2,M4_3,M4_15,C,0.063,0.119,0.045
H,2,H2,M4_3,M4_16,C,0.067,0.136,0.046
A,3,A3,M4_3,M4_17,C,0.087,0.195,0.048
B,3,B3,M4_3,M4_18,C,0.067,0.14,0.044
C,3,C3,M4_3,M4_19,C,0.091,0.237,0.044
D,3,D3,M4_3,M4_20,C,0.078,0.177,0.044
E,3,E3,M4_3,M4_21,C,0.06,0.116,0.041
F,3,F3,M4_3,M4_22,C,0.064,0.087,0.059
G,3,G3,M4_3,M4_23,C,0.075,0.16,0.042
H,3,H3,M4_3,M4_24,C,0.076,0.155,0.048
A,4,A4,M4_3,M4_25,C,0.065,0.128,0.046
B,4,B4,M4_3,M4_26,C,0.059,0.112,0.046
C,4,C4,M4_3,M4_27,C,0.049,0.067,0.044
D,4,D4,M4_3,M4_28,C,0.102,0.275,0.045
E,4,E4,M4_3,M4_29,C,0.057,0.11,0.04
F,4,F4,M4_3,M4_30,C,0.061,0.125,0.041
G,4,G4,M4_3,M4_31,C,0.048,0.07,0.043
H,4,H4,M4_3,M4_32,C,0.062,0.104,0.051
A,5,A5,M4_3,M4_33,C,0.056,0.089,0.047
B,5,B5,M4_3,M4_34,C,0.095,0.238,0.044
C,5,C5,M4_3,M4_35,C,0.049,0.07,0.044
D,5,D5,M4_3,M4_36,C,0.07,0.14,0.047
E,5,E5,M4_3,M4_37,C,0.087,0.229,0.04
F,5,F5,M4_3,M4_38,C,0.049,0.076,0.043
G,5,G5,M4_3,M4_39,C,0.051,0.083,0.042
H,5,H5,M4_3,M4_40,C,0.059,0.088,0.053
A,6,A6,M4_3,M4_41,C,0.072,0.147,0.046
B,6,B6,M4_3,M4_42,C,0.097,0.249,0.045
C,6,C6,M4_3,M4_43,C,0.112,0.292,0.046
D,6,D6,M4_3,M4_44,C,0.053,0.084,0.046
E,6,E6,M4_3,M4_45,C,0.066,0.128,0.046
F,6,F6,M4_3,M4_46,C,0.049,0.066,0.046
G,6,G6,M4_3,M4_47,C,0.048,0.067,0.046
H,6,H6,M4_3,M4_48,C,0.115,0.302,0.047
A,7,A7,M4_3,M4_49,C,0.068,0.125,0.047
B,7,B7,M4_3,M4_50,C,0.092,0.22,0.046
C,7,C7,M4_3,M4_51,C,0.083,0.185,0.046
D,7,D7,M4_3,M4_52,C,0.059,0.089,0.049
E,7,E7,M4_3,M4_53,C,0.103,0.275,0.042
F,7,F7,M4_3,M4_54,C,0.104,0.12,0.053
G,7,G7,M4_3,M4_55,C,0.066,0.135,0.043
H,7,H7,M4_3,M4_56,C,0.051,0.075,0.044
A,8,A8,M4_3,M4_57,C,0.108,0.259,0.054
C,8,C8,M4_3,M4_59,C,0.053,0.071,0.052
D,8,D8,M4_3,M4_60,C,0.063,0.126,0.042
E,8,E8,M4_3,M4_61,C,0.049,0.07,0.043
F,8,F8,M4_3,M4_62,C,0.058,0.113,0.041
G,8,G8,M4_3,M4_63,C,0.087,0.204,0.043
H,8,H8,M4_3,M4_64,C,0.066,0.131,0.046
A,9,A9,M4_3,M4_65,C,0.049,0.07,0.044
B,9,B9,M4_3,M4_66,C,0.062,0.117,0.043
C,9,C9,M4_3,M4_67,C,0.073,0.169,0.043
D,9,D9,M4_3,M4_68,C,0.063,0.121,0.042
E,9,E9,M4_3,M4_69,C,0.047,0.068,0.04
F,9,F9,M4_3,M4_70,C,0.06,0.114,0.045
G,9,G9,M4_3,M4_71,C,0.087,0.217,0.043
H,9,H9,M4_3,M4_72,C,0.218,0.308,0.224
A,10,A10,M4_3,M4_73,C,0.064,0.12,0.045
B,10,B10,M4_3,M4_74,C,0.089,0.224,0.043
C,10,C10,M4_3,M4_75,C,0.048,0.069,0.041
D,10,D10,M4_3,M4_76,C,0.111,0.292,0.042
E,10,E10,M4_3,M4_77,C,0.056,0.103,0.039
F,10,F10,M4_3,M4_78,C,0.093,0.244,0.042
G,10,G10,M4_3,M4_79,C,0.048,0.067,0.043
H,10,H10,M4_3,M4_80,C,0.05,0.074,0.044
A,11,A11,M4_3,M4_81,C,0.093,0.217,0.044
B,11,B11,M4_3,M4_82,C,0.062,0.111,0.046
C,11,C11,M4_3,M4_83,C,0.062,0.125,0.041
D,11,D11,M4_3,M4_84,C,0.073,0.167,0.042
E,11,E11,M4_3,M4_85,C,0.054,0.088,0.043
F,11,F11,M4_3,M4_86,C,0.065,0.13,0.047
G,11,G11,M4_3,M4_87,C,0.054,0.078,0.048
H,11,H11,M4_3,M4_88,C,0.057,0.076,0.052
A,12,A12,M4_3,M4_89,C,0.061,0.102,0.049
B,12,B12,M4_3,M4_90,C,0.061,0.092,0.052
C,12,C12,M4_3,M4_91,C,0.072,0.163,0.045
D,12,D12,M4_3,M4_92,C,0.054,0.071,0.048
E,12,E12,M4_3,M4_93,C,0.06,0.114,0.04
F,12,F12,M4_3,M4_94,C,0.048,0.071,0.041
G,12,G12,M4_3,M4_95,C,0.054,0.072,0.049
H,12,H12,M4_3,M4_96,C,0.068,0.112,0.051
A,1,A1,M8_1,M8_1,A,0.046,0.076,0.038
B,1,B1,M8_1,M8_2,A,0.039,0.056,0.036
C,1,C1,M8_1,M8_3,A,0.045,0.075,0.036
D,1,D1,M8_1,M8_4,A,0.074,0.187,0.037
E,1,E1,M8_1,M8_5,A,0.067,0.154,0.036
F,1,F1,M8_1,M8_6,A,0.066,0.156,0.037
G,1,G1,M8_1,M8_7,A,0.054,0.108,0.036
H,1,H1,M8_1,M8_8,A,0.092,0.236,0.039
A,2,A2,M8_1,M8_9,A,0.1,0.268,0.044
B,2,B2,M8_1,M8_10,A,0.053,0.094,0.042
C,2,C2,M8_1,M8_11,A,0.084,0.216,0.041
D,2,D2,M8_1,M8_12,A,0.057,0.107,0.043
E,2,E2,M8_1,M8_13,A,0.077,0.188,0.039
F,2,F2,M8_1,M8_14,A,0.063,0.124,0.045
G,2,G2,M8_1,M8_15,A,0.048,0.075,0.041
H,2,H2,M8_1,M8_16,A,0.054,0.088,0.046
A,3,A3,M8_1,M8_17,A,0.069,0.143,0.046
B,3,B3,M8_1,M8_18,A,0.06,0.119,0.043
C,3,C3,M8_1,M8_19,A,0.077,0.194,0.041
D,3,D3,M8_1,M8_20,A,0.063,0.131,0.043
E,3,E3,M8_1,M8_21,A,0.097,0.269,0.04
F,3,F3,M8_1,M8_22,A,0.054,0.097,0.041
G,3,G3,M8_1,M8_23,A,0.075,0.183,0.043
H,3,H3,M8_1,M8_24,A,0.064,0.122,0.045
A,4,A4,M8_1,M8_25,A,0.101,0.264,0.044
B,4,B4,M8_1,M8_26,A,0.075,0.162,0.047
C,4,C4,M8_1,M8_27,A,0.068,0.147,0.043
D,4,D4,M8_1,M8_28,A,0.063,0.122,0.044
E,4,E4,M8_1,M8_29,A,0.108,0.297,0.041
F,4,F4,M8_1,M8_30,A,0.107,0.197,0.04
G,4,G4,M8_1,M8_31,A,0.074,0.172,0.042
H,4,H4,M8_1,M8_32,A,0.085,0.204,0.045
A,5,A5,M8_1,M8_33,A,0.129,0.371,0.047
B,5,B5,M8_1,M8_34,A,0.071,0.162,0.041
C,5,C5,M8_1,M8_35,A,0.069,0.15,0.043
D,5,D5,M8_1,M8_36,A,0.103,0.285,0.044
E,5,E5,M8_1,M8_37,A,0.086,0.225,0.041
F,5,F5,M8_1,M8_38,A,0.062,0.131,0.041
G,5,G5,M8_1,M8_39,A,0.063,0.127,0.044
H,5,H5,M8_1,M8_40,A,0.065,0.13,0.046
A,6,A6,M8_1,M8_41,A,0.062,0.121,0.044
B,6,B6,M8_1,M8_42,A,0.085,0.193,0.044
C,6,C6,M8_1,M8_43,A,0.077,0.179,0.044
D,6,D6,M8_1,M8_44,A,0.069,0.149,0.043
E,6,E6,M8_1,M8_45,A,0.109,0.308,0.04
F,6,F6,M8_1,M8_46,A,0.137,0.414,0.041
G,6,G6,M8_1,M8_47,A,0.085,0.208,0.044
H,6,H6,M8_1,M8_48,A,0.088,0.207,0.044
A,7,A7,M8_1,M8_49,A,0.064,0.129,0.044
B,7,B7,M8_1,M8_50,A,0.076,0.178,0.042
C,7,C7,M8_1,M8_51,A,0.107,0.279,0.046
D,7,D7,M8_1,M8_52,A,0.056,0.099,0.043
E,7,E7,M8_1,M8_53,A,0.074,0.168,0.041
F,7,F7,M8_1,M8_54,A,0.074,0.169,0.042
G,7,G7,M8_1,M8_55,A,0.053,0.098,0.04
H,7,H7,M8_1,M8_56,A,0.061,0.117,0.044
A,8,A8,M8_1,M8_57,A,0.076,0.17,0.045
B,8,B8,M8_1,M8_58,A,0.049,0.078,0.04
C,8,C8,M8_1,M8_59,A,0.061,0.098,0.048
D,8,D8,M8_1,M8_60,A,0.052,0.093,0.04
E,8,E8,M8_1,M8_61,A,0.068,0.155,0.04
F,8,F8,M8_1,M8_62,A,0.057,0.106,0.04
G,8,G8,M8_1,M8_63,A,0.063,0.131,0.04
H,8,H8,M8_1,M8_64,A,0.051,0.085,0.041
A,9,A9,M8_1,M8_65,A,0.047,0.066,0.042
B,9,B9,M8_1,M8_66,A,0.08,0.198,0.041
C,9,C9,M8_1,M8_67,A,0.068,0.15,0.042
D,9,D9,M8_1,M8_68,A,0.072,0.152,0.041
E,9,E9,M8_1,M8_69,A,0.086,0.213,0.04
F,9,F9,M8_1,M8_70,A,0.06,0.101,0.046
G,9,G9,M8_1,M8_71,A,0.074,0.177,0.039
H,9,H9,M8_1,M8_72,A,0.054,0.093,0.044
A,10,A10,M8_1,M8_73,A,0.06,0.124,0.042
B,10,B10,M8_1,M8_74,A,0.052,0.095,0.039
C,10,C10,M8_1,M8_75,A,0.086,0.224,0.04
D,10,D10,M8_1,M8_76,A,0.068,0.158,0.04
E,10,E10,M8_1,M8_77,A,0.08,0.209,0.038
F,10,F10,M8_1,M8_78,A,0.071,0.166,0.04
G,10,G10,M8_1,M8_79,A,0.075,0.184,0.039
H,10,H10,M8_1,M8_80,A,0.129,0.392,0.043
A,11,A11,M8_1,M8_81,A,0.063,0.13,0.041
B,11,B11,M8_1,M8_82,A,0.086,0.229,0.042
C,11,C11,M8_1,M8_83,A,0.082,0.21,0.04
D,11,D11,M8_1,M8_84,A,0.051,0.088,0.04
E,11,E11,M8_1,M8_85,A,0.093,0.258,0.039
F,11,F11,M8_1,M8_86,A,0.061,0.129,0.039
G,11,G11,M8_1,M8_87,A,0.052,0.105,0.038
H,11,H11,M8_1,M8_88,A,0.072,0.168,0.044
A,12,A12,M8_1,M8_89,A,0.059,0.121,0.042
B,12,B12,M8_1,M8_90,A,0.096,0.26,0.041
C,12,C12,M8_1,M8_91,A,0.065,0.162,0.041
D,12,D12,M8_1,M8_92,A,0.048,0.082,0.04
E,12,E12,M8_1,M8_93,A,0.101,0.309,0.039
F,12,F12,M8_1,M8_94,A,0.072,0.177,0.039
G,12,G12,M8_1,M8_95,A,0.07,0.17,0.037
H,12,H12,M8_1,M8_96,A,0.078,0.198,0.041
A,1,A1,M8_2,M8_1,B,0.047,0.083,0.037
B,1,B1,M8_2,M8_2,B,0.042,0.069,0.035
C,1,C1,M8_2,M8_3,B,0.048,0.087,0.036
D,1,D1,M8_2,M8_4,B,0.084,0.225,0.036
E,1,E1,M8_2,M8_5,B,0.074,0.183,0.035
F,1,F1,M8_2,M8_6,B,0.07,0.171,0.036
G,1,G1,M8_2,M8_7,B,0.055,0.112,0.036
H,1,H1,M8_2,M8_8,B,0.101,0.271,0.037
A,2,A2,M8_2,M8_9,B,0.112,0.313,0.043
B,2,B2,M8_2,M8_10,B,0.055,0.104,0.041
C,2,C2,M8_2,M8_11,B,0.095,0.263,0.04
D,2,D2,M8_2,M8_12,B,0.06,0.119,0.042
E,2,E2,M8_2,M8_13,B,0.088,0.219,0.043
F,2,F2,M8_2,M8_14,B,0.065,0.138,0.042
G,2,G2,M8_2,M8_15,B,0.049,0.082,0.039
H,2,H2,M8_2,M8_16,B,0.056,0.096,0.043
A,3,A3,M8_2,M8_17,B,0.073,0.161,0.044
B,3,B3,M8_2,M8_18,B,0.063,0.131,0.042
C,3,C3,M8_2,M8_19,B,0.086,0.227,0.041
D,3,D3,M8_2,M8_20,B,0.067,0.148,0.041
E,3,E3,M8_2,M8_21,B,0.105,0.305,0.039
F,3,F3,M8_2,M8_22,B,0.056,0.108,0.039
G,3,G3,M8_2,M8_23,B,0.08,0.207,0.041
H,3,H3,M8_2,M8_24,B,0.066,0.131,0.043
A,4,A4,M8_2,M8_25,B,0.107,0.292,0.042
B,4,B4,M8_2,M8_26,B,0.074,0.174,0.041
C,4,C4,M8_2,M8_27,B,0.07,0.16,0.04
D,4,D4,M8_2,M8_28,B,0.063,0.128,0.041
E,4,E4,M8_2,M8_29,B,0.116,0.334,0.038
F,4,F4,M8_2,M8_30,B,0.078,0.205,0.039
G,4,G4,M8_2,M8_31,B,0.078,0.189,0.039
H,4,H4,M8_2,M8_32,B,0.088,0.219,0.043
A,5,A5,M8_2,M8_33,B,0.139,0.413,0.044
B,5,B5,M8_2,M8_34,B,0.073,0.174,0.04
C,5,C5,M8_2,M8_35,B,0.072,0.163,0.043
D,5,D5,M8_2,M8_36,B,0.116,0.32,0.049
E,5,E5,M8_2,M8_37,B,0.094,0.251,0.042
F,5,F5,M8_2,M8_38,B,0.065,0.143,0.042
G,5,G5,M8_2,M8_39,B,0.062,0.136,0.039
H,5,H5,M8_2,M8_40,B,0.068,0.146,0.044
A,6,A6,M8_2,M8_41,B,0.063,0.13,0.041
B,6,B6,M8_2,M8_42,B,0.093,0.221,0.045
C,6,C6,M8_2,M8_43,B,0.079,0.194,0.041
D,6,D6,M8_2,M8_44,B,0.072,0.164,0.041
E,6,E6,M8_2,M8_45,B,0.121,0.354,0.039
F,6,F6,M8_2,M8_46,B,0.152,0.471,0.04
G,6,G6,M8_2,M8_47,B,0.09,0.236,0.039
H,6,H6,M8_2,M8_48,B,0.094,0.229,0.042
A,7,A7,M8_2,M8_49,B,0.064,0.134,0.042
B,7,B7,M8_2,M8_50,B,0.085,0.197,0.048
C,7,C7,M8_2,M8_51,B,0.11,0.302,0.041
D,7,D7,M8_2,M8_52,B,0.057,0.106,0.042
E,7,E7,M8_2,M8_53,B,0.07,0.162,0.039
F,7,F7,M8_2,M8_54,B,0.075,0.181,0.039
G,7,G7,M8_2,M8_55,B,0.054,0.105,0.038
H,7,H7,M8_2,M8_56,B,0.063,0.127,0.041
A,8,A8,M8_2,M8_57,B,0.079,0.182,0.042
B,8,B8,M8_2,M8_58,B,0.05,0.083,0.039
C,8,C8,M8_2,M8_59,B,0.056,0.098,0.043
D,8,D8,M8_2,M8_60,B,0.054,0.1,0.039
E,8,E8,M8_2,M8_61,B,0.071,0.169,0.039
F,8,F8,M8_2,M8_62,B,0.059,0.114,0.039
G,8,G8,M8_2,M8_63,B,0.067,0.148,0.038
H,8,H8,M8_2,M8_64,B,0.054,0.094,0.041
A,9,A9,M8_2,M8_65,B,0.046,0.068,0.042
B,9,B9,M8_2,M8_66,B,0.082,0.207,0.04
C,9,C9,M8_2,M8_67,B,0.065,0.146,0.04
D,9,D9,M8_2,M8_68,B,0.071,0.162,0.04
E,9,E9,M8_2,M8_69,B,0.091,0.237,0.038
F,9,F9,M8_2,M8_70,B,0.056,0.104,0.04
G,9,G9,M8_2,M8_71,B,0.08,0.197,0.039
H,9,H9,M8_2,M8_72,B,0.055,0.1,0.042
A,10,A10,M8_2,M8_73,B,0.061,0.133,0.04
B,10,B10,M8_2,M8_74,B,0.053,0.1,0.039
C,10,C10,M8_2,M8_75,B,0.09,0.241,0.039
D,10,D10,M8_2,M8_76,B,0.071,0.17,0.039
E,10,E10,M8_2,M8_77,B,0.087,0.237,0.037
F,10,F10,M8_2,M8_78,B,0.078,0.186,0.041
G,10,G10,M8_2,M8_79,B,0.081,0.205,0.038
H,10,H10,M8_2,M8_80,B,0.142,0.444,0.041
A,11,A11,M8_2,M8_81,B,0.065,0.14,0.04
B,11,B11,M8_2,M8_82,B,0.088,0.24,0.039
C,11,C11,M8_2,M8_83,B,0.086,0.229,0.039
D,11,D11,M8_2,M8_84,B,0.053,0.096,0.041
E,11,E11,M8_2,M8_85,B,0.106,0.295,0.042
F,11,F11,M8_2,M8_86,B,0.066,0.144,0.041
G,11,G11,M8_2,M8_87,B,0.059,0.12,0.042
H,11,H11,M8_2,M8_88,B,0.071,0.159,0.044
A,12,A12,M8_2,M8_89,B,0.061,0.129,0.041
B,12,B12,M8_2,M8_90,B,0.104,0.285,0.041
C,12,C12,M8_2,M8_91,B,0.068,0.176,0.041
D,12,D12,M8_2,M8_92,B,0.049,0.089,0.039
E,12,E12,M8_2,M8_93,B,0.111,0.352,0.038
F,12,F12,M8_2,M8_94,B,0.077,0.197,0.039
G,12,G12,M8_2,M8_95,B,0.075,0.189,0.037
H,12,H12,M8_2,M8_96,B,0.083,0.218,0.039
A,1,A1,M8_3,M8_1,C,0.179,0.278,0.241
B,1,B1,M8_3,M8_2,C,0.281,0.442,0.432
C,1,C1,M8_3,M8_3,C,0.048,0.088,0.036
D,1,D1,M8_3,M8_4,C,0.102,0.244,0.057
E,1,E1,M8_3,M8_5,C,0.073,0.179,0.035
F,1,F1,M8_3,M8_6,C,0.073,0.174,0.04
G,1,G1,M8_3,M8_7,C,0.056,0.114,0.036
H,1,H1,M8_3,M8_8,C,0.099,0.266,0.039
A,2,A2,M8_3,M8_9,C,0.115,0.324,0.044
B,2,B2,M8_3,M8_10,C,0.057,0.11,0.04
C,2,C2,M8_3,M8_11,C,0.097,0.266,0.042
D,2,D2,M8_3,M8_12,C,0.066,0.128,0.047
E,2,E2,M8_3,M8_13,C,0.086,0.22,0.04
F,2,F2,M8_3,M8_14,C,0.069,0.138,0.047
G,2,G2,M8_3,M8_15,C,0.049,0.08,0.04
H,2,H2,M8_3,M8_16,C,0.058,0.097,0.047
A,3,A3,M8_3,M8_17,C,0.074,0.166,0.043
B,3,B3,M8_3,M8_18,C,0.065,0.136,0.042
C,3,C3,M8_3,M8_19,C,0.088,0.232,0.042
D,3,D3,M8_3,M8_20,C,0.066,0.144,0.042
E,3,E3,M8_3,M8_21,C,0.106,0.31,0.038
F,3,F3,M8_3,M8_22,C,0.055,0.105,0.039
G,3,G3,M8_3,M8_23,C,0.078,0.195,0.042
H,3,H3,M8_3,M8_24,C,0.065,0.128,0.044
A,4,A4,M8_3,M8_25,C,0.11,0.304,0.041
B,4,B4,M8_3,M8_26,C,0.076,0.181,0.04
C,4,C4,M8_3,M8_27,C,0.072,0.165,0.042
D,4,D4,M8_3,M8_28,C,0.066,0.136,0.042
E,4,E4,M8_3,M8_29,C,0.114,0.326,0.038
F,4,F4,M8_3,M8_30,C,0.09,0.215,0.051
G,4,G4,M8_3,M8_31,C,0.078,0.183,0.042
H,4,H4,M8_3,M8_32,C,0.085,0.209,0.043
A,5,A5,M8_3,M8_33,C,0.143,0.431,0.043
B,5,B5,M8_3,M8_34,C,0.075,0.182,0.04
C,5,C5,M8_3,M8_35,C,0.076,0.171,0.044
D,5,D5,M8_3,M8_36,C,0.122,0.334,0.049
E,5,E5,M8_3,M8_37,C,0.093,0.248,0.04
F,5,F5,M8_3,M8_38,C,0.067,0.143,0.043
G,5,G5,M8_3,M8_39,C,0.061,0.129,0.04
H,5,H5,M8_3,M8_40,C,0.063,0.124,0.045
A,6,A6,M8_3,M8_41,C,0.067,0.137,0.043
B,6,B6,M8_3,M8_42,C,0.092,0.223,0.042
C,6,C6,M8_3,M8_43,C,0.081,0.201,0.041
D,6,D6,M8_3,M8_44,C,0.079,0.159,0.052
E,6,E6,M8_3,M8_45,C,0.12,0.351,0.039
F,6,F6,M8_3,M8_46,C,0.149,0.459,0.042
G,6,G6,M8_3,M8_47,C,0.086,0.22,0.04
H,6,H6,M8_3,M8_48,C,0.093,0.215,0.044
A,7,A7,M8_3,M8_49,C,0.067,0.143,0.041
B,7,B7,M8_3,M8_50,C,0.085,0.201,0.045
C,7,C7,M8_3,M8_51,C,0.112,0.307,0.042
D,7,D7,M8_3,M8_52,C,0.06,0.11,0.043
E,7,E7,M8_3,M8_53,C,0.067,0.148,0.039
F,7,F7,M8_3,M8_54,C,0.077,0.179,0.042
G,7,G7,M8_3,M8_55,C,0.053,0.101,0.039
H,7,H7,M8_3,M8_56,C,0.062,0.121,0.042
A,8,A8,M8_3,M8_57,C,0.081,0.193,0.041
B,8,B8,M8_3,M8_58,C,0.05,0.084,0.039
C,8,C8,M8_3,M8_59,C,0.055,0.099,0.041
D,8,D8,M8_3,M8_60,C,0.053,0.1,0.039
E,8,E8,M8_3,M8_61,C,0.072,0.17,0.039
F,8,F8,M8_3,M8_62,C,0.058,0.112,0.039
G,8,G8,M8_3,M8_63,C,0.066,0.141,0.039
H,8,H8,M8_3,M8_64,C,0.051,0.086,0.041
A,9,A9,M8_3,M8_65,C,0.046,0.069,0.039
B,9,B9,M8_3,M8_66,C,0.085,0.219,0.039
C,9,C9,M8_3,M8_67,C,0.066,0.15,0.04
D,9,D9,M8_3,M8_68,C,0.072,0.167,0.04
E,9,E9,M8_3,M8_69,C,0.09,0.235,0.038
F,9,F9,M8_3,M8_70,C,0.056,0.102,0.041
G,9,G9,M8_3,M8_71,C,0.078,0.188,0.039
H,9,H9,M8_3,M8_72,C,0.055,0.096,0.044
A,10,A10,M8_3,M8_73,C,0.063,0.137,0.04
B,10,B10,M8_3,M8_74,C,0.053,0.104,0.038
C,10,C10,M8_3,M8_75,C,0.092,0.253,0.038
D,10,D10,M8_3,M8_76,C,0.073,0.175,0.04
E,10,E10,M8_3,M8_77,C,0.086,0.236,0.037
F,10,F10,M8_3,M8_78,C,0.074,0.176,0.039
G,10,G10,M8_3,M8_79,C,0.078,0.196,0.038
H,10,H10,M8_3,M8_80,C,0.132,0.397,0.042
A,11,A11,M8_3,M8_81,C,0.067,0.149,0.04
B,11,B11,M8_3,M8_82,C,0.091,0.254,0.039
C,11,C11,M8_3,M8_83,C,0.087,0.237,0.038
D,11,D11,M8_3,M8_84,C,0.052,0.095,0.038
E,11,E11,M8_3,M8_85,C,0.105,0.297,0.041
F,11,F11,M8_3,M8_86,C,0.072,0.15,0.045
G,11,G11,M8_3,M8_87,C,0.057,0.119,0.04
H,11,H11,M8_3,M8_88,C,0.071,0.164,0.044
A,12,A12,M8_3,M8_89,C,0.062,0.135,0.041
B,12,B12,M8_3,M8_90,C,0.106,0.296,0.039
C,12,C12,M8_3,M8_91,C,0.068,0.182,0.039
D,12,D12,M8_3,M8_92,C,0.049,0.089,0.038
E,12,E12,M8_3,M8_93,C,0.112,0.356,0.039
F,12,F12,M8_3,M8_94,C,0.076,0.198,0.038
G,12,G12,M8_3,M8_95,C,0.074,0.19,0.037
H,12,H12,M8_3,M8_96,C,0.082,0.217,0.04
A,1,A1,M12_1,M12_1,A,0.113,0.335,0.038
B,1,B1,M12_1,M12_2,A,0.087,0.259,0.037
C,1,C1,M12_1,M12_3,A,0.04,0.059,0.037
D,1,D1,M12_1,M12_4,A,0.1,0.294,0.036
E,1,E1,M12_1,M12_5,A,0.046,0.076,0.036
F,1,F1,M12_1,M12_6,A,0.046,0.075,0.037
G,1,G1,M12_1,M12_7,A,0.042,0.062,0.037
H,1,H1,M12_1,M12_8,A,0.102,0.278,0.039
A,2,A2,M12_1,M12_9,A,0.052,0.085,0.045
B,2,B2,M12_1,M12_10,A,0.119,0.356,0.043
C,2,C2,M12_1,M12_11,A,0.056,0.104,0.041
D,2,D2,M12_1,M12_12,A,0.05,0.075,0.043
E,2,E2,M12_1,M12_13,A,0.045,0.071,0.038
F,2,F2,M12_1,M12_14,A,0.043,0.058,0.041
G,2,G2,M12_1,M12_15,A,0.08,0.215,0.039
H,2,H2,M12_1,M12_16,A,0.118,0.324,0.044
A,3,A3,M12_1,M12_17,A,0.118,0.318,0.046
B,3,B3,M12_1,M12_18,A,0.115,0.324,0.042
C,3,C3,M12_1,M12_19,A,0.043,0.059,0.041
D,3,D3,M12_1,M12_20,A,0.127,0.379,0.041
E,3,E3,M12_1,M12_21,A,0.064,0.144,0.039
F,3,F3,M12_1,M12_22,A,0.091,0.257,0.04
G,3,G3,M12_1,M12_23,A,0.062,0.135,0.042
H,3,H3,M12_1,M12_24,A,0.119,0.327,0.044
A,4,A4,M12_1,M12_25,A,0.054,0.078,0.046
B,4,B4,M12_1,M12_26,A,0.047,0.071,0.043
C,4,C4,M12_1,M12_27,A,0.098,0.263,0.042
D,4,D4,M12_1,M12_28,A,0.064,0.129,0.043
E,4,E4,M12_1,M12_29,A,0.048,0.077,0.04
F,4,F4,M12_1,M12_30,A,0.047,0.071,0.04
G,4,G4,M12_1,M12_31,A,0.042,0.052,0.041
H,4,H4,M12_1,M12_32,A,0.109,0.279,0.045
A,5,A5,M12_1,M12_33,A,0.099,0.26,0.044
B,5,B5,M12_1,M12_34,A,0.055,0.097,0.044
C,5,C5,M12_1,M12_35,A,0.053,0.092,0.042
D,5,D5,M12_1,M12_36,A,0.051,0.079,0.044
E,5,E5,M12_1,M12_37,A,0.102,0.29,0.038
F,5,F5,M12_1,M12_38,A,0.051,0.086,0.04
G,5,G5,M12_1,M12_39,A,0.13,0.385,0.041
H,5,H5,M12_1,M12_40,A,0.098,0.26,0.046
A,6,A6,M12_1,M12_41,A,0.118,0.346,0.044
B,6,B6,M12_1,M12_42,A,0.053,0.086,0.043
C,6,C6,M12_1,M12_43,A,0.052,0.078,0.044
D,6,D6,M12_1,M12_44,A,0.111,0.31,0.042
E,6,E6,M12_1,M12_45,A,0.046,0.066,0.042
F,6,F6,M12_1,M12_46,A,0.056,0.106,0.04
G,6,G6,M12_1,M12_47,A,0.13,0.38,0.043
H,6,H6,M12_1,M12_48,A,0.061,0.115,0.045
A,7,A7,M12_1,M12_49,A,0.092,0.235,0.044
B,7,B7,M12_1,M12_50,A,0.128,0.371,0.045
C,7,C7,M12_1,M12_51,A,0.145,0.435,0.043
D,7,D7,M12_1,M12_52,A,0.102,0.284,0.042
E,7,E7,M12_1,M12_53,A,0.047,0.078,0.04
F,7,F7,M12_1,M12_54,A,0.079,0.198,0.041
G,7,G7,M12_1,M12_55,A,0.088,0.237,0.043
H,7,H7,M12_1,M12_56,A,0.047,0.067,0.044
A,8,A8,M12_1,M12_57,A,0.062,0.124,0.044
B,8,B8,M12_1,M12_58,A,0.093,0.254,0.041
C,8,C8,M12_1,M12_59,A,0.051,0.075,0.044
D,8,D8,M12_1,M12_60,A,0.051,0.089,0.041
E,8,E8,M12_1,M12_61,A,0.047,0.063,0.042
F,8,F8,M12_1,M12_62,A,0.055,0.085,0.042
G,8,G8,M12_1,M12_63,A,0.064,0.132,0.041
H,8,H8,M12_1,M12_64,A,0.114,0.326,0.043
A,9,A9,M12_1,M12_65,A,0.134,0.419,0.042
B,9,B9,M12_1,M12_66,A,0.052,0.097,0.041
C,9,C9,M12_1,M12_67,A,0.051,0.089,0.041
D,9,D9,M12_1,M12_68,A,0.141,0.436,0.041
E,9,E9,M12_1,M12_69,A,0.136,0.433,0.04
F,9,F9,M12_1,M12_70,A,0.048,0.081,0.039
G,9,G9,M12_1,M12_71,A,0.045,0.067,0.04
H,9,H9,M12_1,M12_72,A,0.116,0.323,0.045
A,10,A10,M12_1,M12_73,A,0.053,0.085,0.043
B,10,B10,M12_1,M12_74,A,0.091,0.255,0.04
C,10,C10,M12_1,M12_75,A,0.158,0.5,0.04
D,10,D10,M12_1,M12_76,A,0.167,0.537,0.041
E,10,E10,M12_1,M12_77,A,0.046,0.074,0.038
F,10,F10,M12_1,M12_78,A,0.113,0.322,0.041
G,10,G10,M12_1,M12_79,A,0.054,0.108,0.04
H,10,H10,M12_1,M12_80,A,0.095,0.266,0.044
A,11,A11,M12_1,M12_81,A,0.109,0.306,0.042
B,11,B11,M12_1,M12_82,A,0.045,0.065,0.04
C,11,C11,M12_1,M12_83,A,0.112,0.32,0.039
D,11,D11,M12_1,M12_84,A,0.145,0.447,0.041
E,11,E11,M12_1,M12_85,A,0.073,0.181,0.039
F,11,F11,M12_1,M12_86,A,0.074,0.188,0.039
G,11,G11,M12_1,M12_87,A,0.12,0.358,0.039
H,11,H11,M12_1,M12_88,A,0.118,0.344,0.043
A,12,A12,M12_1,M12_89,A,0.052,0.079,0.046
B,12,B12,M12_1,M12_90,A,0.05,0.082,0.041
C,12,C12,M12_1,M12_91,A,0.067,0.153,0.042
D,12,D12,M12_1,M12_92,A,0.123,0.367,0.041
E,12,E12,M12_1,M12_93,A,0.14,0.424,0.039
F,12,F12,M12_1,M12_94,A,0.048,0.08,0.039
G,12,G12,M12_1,M12_95,A,0.122,0.374,0.038
H,12,H12,M12_1,M12_96,A,0.119,0.362,0.041
A,1,A1,M12_2,M12_1,B,0.127,0.384,0.039
B,1,B1,M12_2,M12_2,B,0.09,0.268,0.035
C,1,C1,M12_2,M12_3,B,0.041,0.062,0.036
D,1,D1,M12_2,M12_4,B,0.107,0.32,0.037
E,1,E1,M12_2,M12_5,B,0.046,0.082,0.034
F,1,F1,M12_2,M12_6,B,0.046,0.08,0.036
G,1,G1,M12_2,M12_7,B,0.041,0.064,0.036
H,1,H1,M12_2,M12_8,B,0.109,0.3,0.039
A,2,A2,M12_2,M12_9,B,0.05,0.087,0.041
B,2,B2,M12_2,M12_10,B,0.126,0.385,0.04
C,2,C2,M12_2,M12_11,B,0.055,0.108,0.039
D,2,D2,M12_2,M12_12,B,0.049,0.077,0.04
E,2,E2,M12_2,M12_13,B,0.045,0.074,0.037
F,2,F2,M12_2,M12_14,B,0.044,0.059,0.04
G,2,G2,M12_2,M12_15,B,0.088,0.238,0.041
H,2,H2,M12_2,M12_16,B,0.125,0.359,0.042
A,3,A3,M12_2,M12_17,B,0.125,0.349,0.045
B,3,B3,M12_2,M12_18,B,0.123,0.356,0.04
C,3,C3,M12_2,M12_19,B,0.043,0.06,0.04
D,3,D3,M12_2,M12_20,B,0.128,0.38,0.04
E,3,E3,M12_2,M12_21,B,0.067,0.157,0.038
F,3,F3,M12_2,M12_22,B,0.097,0.285,0.038
G,3,G3,M12_2,M12_23,B,0.062,0.144,0.038
H,3,H3,M12_2,M12_24,B,0.127,0.358,0.045
A,4,A4,M12_2,M12_25,B,0.049,0.08,0.041
B,4,B4,M12_2,M12_26,B,0.047,0.073,0.041
C,4,C4,M12_2,M12_27,B,0.103,0.284,0.04
D,4,D4,M12_2,M12_28,B,0.064,0.135,0.04
E,4,E4,M12_2,M12_29,B,0.046,0.078,0.037
F,4,F4,M12_2,M12_30,B,0.047,0.074,0.038
G,4,G4,M12_2,M12_31,B,0.04,0.051,0.037
H,4,H4,M12_2,M12_32,B,0.118,0.315,0.044
A,5,A5,M12_2,M12_33,B,0.105,0.286,0.042
B,5,B5,M12_2,M12_34,B,0.053,0.1,0.04
C,5,C5,M12_2,M12_35,B,0.053,0.096,0.039
D,5,D5,M12_2,M12_36,B,0.049,0.084,0.039
E,5,E5,M12_2,M12_37,B,0.11,0.32,0.037
F,5,F5,M12_2,M12_38,B,0.052,0.093,0.039
G,5,G5,M12_2,M12_39,B,0.141,0.432,0.037
H,5,H5,M12_2,M12_40,B,0.1,0.281,0.04
A,6,A6,M12_2,M12_41,B,0.128,0.389,0.042
B,6,B6,M12_2,M12_42,B,0.052,0.09,0.04
C,6,C6,M12_2,M12_43,B,0.049,0.078,0.04
D,6,D6,M12_2,M12_44,B,0.118,0.344,0.04
E,6,E6,M12_2,M12_45,B,0.043,0.066,0.038
F,6,F6,M12_2,M12_46,B,0.058,0.115,0.04
G,6,G6,M12_2,M12_47,B,0.138,0.419,0.039
H,6,H6,M12_2,M12_48,B,0.06,0.12,0.041
A,7,A7,M12_2,M12_49,B,0.097,0.257,0.043
B,7,B7,M12_2,M12_50,B,0.134,0.401,0.042
C,7,C7,M12_2,M12_51,B,0.153,0.471,0.041
D,7,D7,M12_2,M12_52,B,0.106,0.304,0.039
E,7,E7,M12_2,M12_53,B,0.047,0.08,0.037
F,7,F7,M12_2,M12_54,B,0.081,0.214,0.038
G,7,G7,M12_2,M12_55,B,0.09,0.254,0.039
H,7,H7,M12_2,M12_56,B,0.046,0.068,0.04
A,8,A8,M12_2,M12_57,B,0.064,0.134,0.043
B,8,B8,M12_2,M12_58,B,0.098,0.273,0.041
C,8,C8,M12_2,M12_59,B,0.047,0.074,0.04
D,8,D8,M12_2,M12_60,B,0.05,0.092,0.039
E,8,E8,M12_2,M12_61,B,0.043,0.061,0.037
F,8,F8,M12_2,M12_62,B,0.052,0.085,0.038
G,8,G8,M12_2,M12_63,B,0.064,0.139,0.038
H,8,H8,M12_2,M12_64,B,0.122,0.358,0.04
A,9,A9,M12_2,M12_65,B,0.143,0.458,0.04
B,9,B9,M12_2,M12_66,B,0.052,0.101,0.039
C,9,C9,M12_2,M12_67,B,0.05,0.091,0.039
D,9,D9,M12_2,M12_68,B,0.147,0.461,0.04
E,9,E9,M12_2,M12_69,B,0.153,0.503,0.038
F,9,F9,M12_2,M12_70,B,0.048,0.084,0.037
G,9,G9,M12_2,M12_71,B,0.045,0.069,0.039
H,9,H9,M12_2,M12_72,B,0.121,0.352,0.041
A,10,A10,M12_2,M12_73,B,0.052,0.088,0.039
B,10,B10,M12_2,M12_74,B,0.094,0.273,0.038
C,10,C10,M12_2,M12_75,B,0.165,0.531,0.038
D,10,D10,M12_2,M12_76,B,0.177,0.581,0.039
E,10,E10,M12_2,M12_77,B,0.045,0.076,0.036
F,10,F10,M12_2,M12_78,B,0.119,0.348,0.039
G,10,G10,M12_2,M12_79,B,0.055,0.114,0.037
H,10,H10,M12_2,M12_80,B,0.101,0.291,0.042
A,11,A11,M12_2,M12_81,B,0.114,0.333,0.039
B,11,B11,M12_2,M12_82,B,0.043,0.066,0.038
C,11,C11,M12_2,M12_83,B,0.117,0.345,0.038
D,11,D11,M12_2,M12_84,B,0.154,0.482,0.038
E,11,E11,M12_2,M12_85,B,0.075,0.195,0.037
F,11,F11,M12_2,M12_86,B,0.077,0.204,0.038
G,11,G11,M12_2,M12_87,B,0.129,0.392,0.037
H,11,H11,M12_2,M12_88,B,0.126,0.377,0.041
A,12,A12,M12_2,M12_89,B,0.048,0.077,0.041
B,12,B12,M12_2,M12_90,B,0.049,0.083,0.04
C,12,C12,M12_2,M12_91,B,0.066,0.158,0.038
D,12,D12,M12_2,M12_92,B,0.124,0.379,0.038
E,12,E12,M12_2,M12_93,B,0.146,0.452,0.04
F,12,F12,M12_2,M12_94,B,0.047,0.082,0.037
G,12,G12,M12_2,M12_95,B,0.115,0.35,0.037
H,12,H12,M12_2,M12_96,B,0.126,0.398,0.038
A,1,A1,M12_3,M12_1,C,0.129,0.387,0.041
B,1,B1,M12_3,M12_2,C,0.095,0.284,0.038
C,1,C1,M12_3,M12_3,C,0.043,0.065,0.038
D,1,D1,M12_3,M12_4,C,0.11,0.333,0.037
E,1,E1,M12_3,M12_5,C,0.047,0.083,0.036
F,1,F1,M12_3,M12_6,C,0.065,0.082,0.038
G,1,G1,M12_3,M12_7,C,0.041,0.066,0.035
H,1,H1,M12_3,M12_8,C,0.115,0.322,0.041
A,2,A2,M12_3,M12_9,C,0.054,0.093,0.044
B,2,B2,M12_3,M12_10,C,0.129,0.39,0.043
C,2,C2,M12_3,M12_11,C,0.056,0.11,0.041
D,2,D2,M12_3,M12_12,C,0.049,0.078,0.041
E,2,E2,M12_3,M12_13,C,0.048,0.077,0.04
F,2,F2,M12_3,M12_14,C,0.043,0.06,0.04
G,2,G2,M12_3,M12_15,C,0.086,0.233,0.04
H,2,H2,M12_3,M12_16,C,0.128,0.36,0.046
A,3,A3,M12_3,M12_17,C,0.125,0.352,0.044
B,3,B3,M12_3,M12_18,C,0.157,0.406,0.087
C,3,C3,M12_3,M12_19,C,0.043,0.061,0.04
D,3,D3,M12_3,M12_20,C,0.128,0.378,0.041
E,3,E3,M12_3,M12_21,C,0.068,0.158,0.039
F,3,F3,M12_3,M12_22,C,0.101,0.287,0.041
G,3,G3,M12_3,M12_23,C,0.064,0.144,0.041
H,3,H3,M12_3,M12_24,C,0.129,0.353,0.047
A,4,A4,M12_3,M12_25,C,0.049,0.08,0.042
B,4,B4,M12_3,M12_26,C,0.047,0.073,0.041
C,4,C4,M12_3,M12_27,C,0.104,0.287,0.04
D,4,D4,M12_3,M12_28,C,0.065,0.137,0.041
E,4,E4,M12_3,M12_29,C,0.048,0.079,0.038
F,4,F4,M12_3,M12_30,C,0.047,0.074,0.039
G,4,G4,M12_3,M12_31,C,0.041,0.053,0.04
H,4,H4,M12_3,M12_32,C,0.116,0.31,0.044
A,5,A5,M12_3,M12_33,C,0.106,0.287,0.043
B,5,B5,M12_3,M12_34,C,0.053,0.1,0.04
C,5,C5,M12_3,M12_35,C,0.054,0.097,0.04
D,5,D5,M12_3,M12_36,C,0.05,0.085,0.04
E,5,E5,M12_3,M12_37,C,0.112,0.323,0.04
F,5,F5,M12_3,M12_38,C,0.052,0.091,0.039
G,5,G5,M12_3,M12_39,C,0.143,0.43,0.04
H,5,H5,M12_3,M12_40,C,0.102,0.28,0.044
A,6,A6,M12_3,M12_41,C,0.128,0.392,0.042
B,6,B6,M12_3,M12_42,C,0.056,0.095,0.043
C,6,C6,M12_3,M12_43,C,0.049,0.079,0.04
D,6,D6,M12_3,M12_44,C,0.121,0.347,0.042
E,6,E6,M12_3,M12_45,C,0.044,0.066,0.039
F,6,F6,M12_3,M12_46,C,0.061,0.118,0.043
G,6,G6,M12_3,M12_47,C,0.139,0.421,0.04
H,6,H6,M12_3,M12_48,C,0.061,0.122,0.042
A,7,A7,M12_3,M12_49,C,0.097,0.257,0.043
B,7,B7,M12_3,M12_50,C,0.137,0.408,0.044
C,7,C7,M12_3,M12_51,C,0.154,0.472,0.042
D,7,D7,M12_3,M12_52,C,0.108,0.308,0.041
E,7,E7,M12_3,M12_53,C,0.048,0.074,0.042
F,7,F7,M12_3,M12_54,C,0.082,0.213,0.039
G,7,G7,M12_3,M12_55,C,0.091,0.256,0.041
H,7,H7,M12_3,M12_56,C,0.047,0.069,0.042
A,8,A8,M12_3,M12_57,C,0.065,0.136,0.044
B,8,B8,M12_3,M12_58,C,0.098,0.273,0.041
C,8,C8,M12_3,M12_59,C,0.049,0.076,0.042
D,8,D8,M12_3,M12_60,C,0.051,0.093,0.04
E,8,E8,M12_3,M12_61,C,0.045,0.063,0.04
F,8,F8,M12_3,M12_62,C,0.053,0.086,0.038
G,8,G8,M12_3,M12_63,C,0.065,0.141,0.039
H,8,H8,M12_3,M12_64,C,0.124,0.363,0.042
A,9,A9,M12_3,M12_65,C,0.148,0.463,0.044
B,9,B9,M12_3,M12_66,C,0.052,0.101,0.039
C,9,C9,M12_3,M12_67,C,0.052,0.094,0.04
D,9,D9,M12_3,M12_68,C,0.149,0.465,0.042
E,9,E9,M12_3,M12_69,C,0.154,0.507,0.039
F,9,F9,M12_3,M12_70,C,0.048,0.084,0.038
G,9,G9,M12_3,M12_71,C,0.045,0.07,0.039
H,9,H9,M12_3,M12_72,C,0.123,0.354,0.042
A,10,A10,M12_3,M12_73,C,0.054,0.089,0.041
B,10,B10,M12_3,M12_74,C,0.096,0.274,0.04
C,10,C10,M12_3,M12_75,C,0.17,0.541,0.041
D,10,D10,M12_3,M12_76,C,0.178,0.579,0.04
E,10,E10,M12_3,M12_77,C,0.046,0.077,0.038
F,10,F10,M12_3,M12_78,C,0.118,0.344,0.039
G,10,G10,M12_3,M12_79,C,0.055,0.114,0.039
H,10,H10,M12_3,M12_80,C,0.1,0.289,0.043
A,11,A11,M12_3,M12_81,C,0.116,0.337,0.041
B,11,B11,M12_3,M12_82,C,0.048,0.07,0.042
C,11,C11,M12_3,M12_83,C,0.119,0.347,0.039
D,11,D11,M12_3,M12_84,C,0.156,0.485,0.04
E,11,E11,M12_3,M12_85,C,0.077,0.199,0.039
F,11,F11,M12_3,M12_86,C,0.071,0.175,0.04
G,11,G11,M12_3,M12_87,C,0.129,0.393,0.038
H,11,H11,M12_3,M12_88,C,0.129,0.385,0.043
A,12,A12,M12_3,M12_89,C,0.049,0.08,0.041
B,12,B12,M12_3,M12_90,C,0.05,0.087,0.04
C,12,C12,M12_3,M12_91,C,0.068,0.164,0.039
D,12,D12,M12_3,M12_92,C,0.13,0.402,0.039
E,12,E12,M12_3,M12_93,C,0.146,0.46,0.037
F,12,F12,M12_3,M12_94,C,0.048,0.083,0.038
G,12,G12,M12_3,M12_95,C,0.127,0.385,0.04
H,12,H12,M12_3,M12_96,C,0.126,0.396,0.04
